{"id": 0, "answer": "6"}
{"id": 1, "answer": "5"}
{"id": 2, "answer": "4"}
{"id": 3, "answer": "3"}
{"id": 4, "answer": "5"}
{"id": 5, "answer": "6"}
{"id": 6, "answer": "3"}
{"id": 7, "answer": "5"}
{"id": 8, "answer": "4"}
{"id": 9, "answer": "4"}
{"id": 10, "answer": "6"}
{"id": 11, "answer": "5"}
{"id": 12, "answer": "1"}
{"id": 13, "answer": "6"}
{"id": 14, "answer": "3"}
{"id": 15, "answer": "5"}
{"id": 16, "answer": "4"}
{"id": 17, "answer": "4"}
{"id": 18, "answer": "6"}
{"id": 19, "answer": "0"}
{"id": 20, "answer": "1"}
{"id": 21, "answer": "1"}
{"id": 22, "answer": "0"}
{"id": 23, "answer": "4"}
{"id": 24, "answer": "4"}
{"id": 25, "answer": "5"}
{"id": 26, "answer": "4"}
{"id": 27, "answer": "5"}
{"id": 28, "answer": "6"}
{"id": 29, "answer": "4"}
{"id": 30, "answer": "4"}
{"id": 31, "answer": "1"}
{"id": 32, "answer": "6"}
{"id": 33, "answer": "4"}
{"id": 34, "answer": "3"}
{"id": 35, "answer": "2"}
{"id": 36, "answer": "3"}
{"id": 37, "answer": "3"}
{"id": 38, "answer": "2"}
{"id": 39, "answer": "3"}
{"id": 40, "answer": "4"}
{"id": 41, "answer": "4"}
{"id": 42, "answer": "6"}
{"id": 43, "answer": "6"}
{"id": 44, "answer": "5"}
{"id": 45, "answer": "1"}
{"id": 46, "answer": "4"}
{"id": 47, "answer": "5"}
{"id": 48, "answer": "3"}
{"id": 49, "answer": "3"}
{"id": 50, "answer": "4"}
{"id": 51, "answer": "3"}
{"id": 52, "answer": "1"}
{"id": 53, "answer": "3"}
{"id": 54, "answer": "4"}
{"id": 55, "answer": "3"}
{"id": 56, "answer": "4"}
{"id": 57, "answer": "0"}
{"id": 58, "answer": "0"}
{"id": 59, "answer": "1"}
{"id": 60, "answer": "1"}
{"id": 61, "answer": "1"}
{"id": 62, "answer": "5"}
{"id": 63, "answer": "1"}
{"id": 64, "answer": "6"}
{"id": 65, "answer": "5"}
{"id": 66, "answer": "2"}
{"id": 67, "answer": "1"}
{"id": 68, "answer": "3"}
{"id": 69, "answer": "6"}
{"id": 70, "answer": "1"}
{"id": 71, "answer": "5"}
{"id": 72, "answer": "6"}
{"id": 73, "answer": "3"}
{"id": 74, "answer": "2"}
{"id": 75, "answer": "6"}
{"id": 76, "answer": "3"}
{"id": 77, "answer": "6"}
{"id": 78, "answer": "3"}
{"id": 79, "answer": "1"}
{"id": 80, "answer": "6"}
{"id": 81, "answer": "4"}
{"id": 82, "answer": "3"}
{"id": 83, "answer": "0"}
{"id": 84, "answer": "0"}
{"id": 85, "answer": "4"}
{"id": 86, "answer": "6"}
{"id": 87, "answer": "3"}
{"id": 88, "answer": "6"}
{"id": 89, "answer": "6"}
{"id": 90, "answer": "5"}
{"id": 91, "answer": "1"}
{"id": 92, "answer": "6"}
{"id": 93, "answer": "3"}
{"id": 94, "answer": "3"}
{"id": 95, "answer": "5"}
{"id": 96, "answer": "4"}
{"id": 97, "answer": "2"}
{"id": 98, "answer": "1"}
{"id": 99, "answer": "3"}
{"id": 100, "answer": "2"}
{"id": 101, "answer": "1"}
{"id": 102, "answer": "0"}
{"id": 103, "answer": "6"}
{"id": 104, "answer": "1"}
{"id": 105, "answer": "4"}
{"id": 106, "answer": "5"}
{"id": 107, "answer": "2"}
{"id": 108, "answer": "5"}
{"id": 109, "answer": "3"}
{"id": 110, "answer": "2"}
{"id": 111, "answer": "6"}
{"id": 112, "answer": "0"}
{"id": 113, "answer": "1"}
{"id": 114, "answer": "2"}
{"id": 115, "answer": "5"}
{"id": 116, "answer": "4"}
{"id": 117, "answer": "5"}
{"id": 118, "answer": "2"}
{"id": 119, "answer": "0"}
{"id": 120, "answer": "0"}
{"id": 121, "answer": "2"}
{"id": 122, "answer": "1"}
{"id": 123, "answer": "6"}
{"id": 124, "answer": "6"}
{"id": 125, "answer": "5"}
{"id": 126, "answer": "4"}
{"id": 127, "answer": "6"}
{"id": 128, "answer": "1"}
{"id": 129, "answer": "1"}
{"id": 130, "answer": "6"}
{"id": 131, "answer": "3"}
{"id": 132, "answer": "4"}
{"id": 133, "answer": "1"}
{"id": 134, "answer": "1"}
{"id": 135, "answer": "1"}
{"id": 136, "answer": "6"}
{"id": 137, "answer": "5"}
{"id": 138, "answer": "1"}
{"id": 139, "answer": "0"}
{"id": 140, "answer": "0"}
{"id": 141, "answer": "4"}
{"id": 142, "answer": "2"}
{"id": 143, "answer": "3"}
{"id": 144, "answer": "4"}
{"id": 145, "answer": "4"}
{"id": 146, "answer": "3"}
{"id": 147, "answer": "6"}
{"id": 148, "answer": "3"}
{"id": 149, "answer": "4"}
{"id": 150, "answer": "0"}
{"id": 151, "answer": "1"}
{"id": 152, "answer": "4"}
{"id": 153, "answer": "0"}
{"id": 154, "answer": "3"}
{"id": 155, "answer": "5"}
{"id": 156, "answer": "6"}
{"id": 157, "answer": "6"}
{"id": 158, "answer": "4"}
{"id": 159, "answer": "5"}
{"id": 160, "answer": "0"}
{"id": 161, "answer": "0"}
{"id": 162, "answer": "6"}
{"id": 163, "answer": "2"}
{"id": 164, "answer": "4"}
{"id": 165, "answer": "5"}
{"id": 166, "answer": "2"}
{"id": 167, "answer": "0"}
{"id": 168, "answer": "4"}
{"id": 169, "answer": "3"}
{"id": 170, "answer": "1"}
{"id": 171, "answer": "1"}
{"id": 172, "answer": "6"}
{"id": 173, "answer": "5"}
{"id": 174, "answer": "5"}
{"id": 175, "answer": "5"}
{"id": 176, "answer": "4"}
{"id": 177, "answer": "3"}
{"id": 178, "answer": "5"}
{"id": 179, "answer": "1"}
{"id": 180, "answer": "2"}
{"id": 181, "answer": "3"}
{"id": 182, "answer": "5"}
{"id": 183, "answer": "6"}
{"id": 184, "answer": "1"}
{"id": 185, "answer": "5"}
{"id": 186, "answer": "5"}
{"id": 187, "answer": "6"}
{"id": 188, "answer": "1"}
{"id": 189, "answer": "1"}
{"id": 190, "answer": "6"}
{"id": 191, "answer": "1"}
{"id": 192, "answer": "2"}
{"id": 193, "answer": "1"}
{"id": 194, "answer": "6"}
{"id": 195, "answer": "2"}
{"id": 196, "answer": "5"}
{"id": 197, "answer": "1"}
{"id": 198, "answer": "6"}
{"id": 199, "answer": "1"}
{"id": 200, "answer": "0"}
{"id": 201, "answer": "0"}
{"id": 202, "answer": "6"}
{"id": 203, "answer": "1"}
{"id": 204, "answer": "5"}
{"id": 205, "answer": "5"}
{"id": 206, "answer": "3"}
{"id": 207, "answer": "0"}
{"id": 208, "answer": "4"}
{"id": 209, "answer": "6"}
{"id": 210, "answer": "0"}
{"id": 211, "answer": "4"}
{"id": 212, "answer": "4"}
{"id": 213, "answer": "4"}
{"id": 214, "answer": "3"}
{"id": 215, "answer": "3"}
{"id": 216, "answer": "3"}
{"id": 217, "answer": "4"}
{"id": 218, "answer": "3"}
{"id": 219, "answer": "1"}
{"id": 220, "answer": "5"}
{"id": 221, "answer": "5"}
{"id": 222, "answer": "4"}
{"id": 223, "answer": "0"}
{"id": 224, "answer": "3"}
{"id": 225, "answer": "2"}
{"id": 226, "answer": "6"}
{"id": 227, "answer": "2"}
{"id": 228, "answer": "5"}
{"id": 229, "answer": "6"}
{"id": 230, "answer": "4"}
{"id": 231, "answer": "2"}
{"id": 232, "answer": "3"}
{"id": 233, "answer": "4"}
{"id": 234, "answer": "4"}
{"id": 235, "answer": "2"}
{"id": 236, "answer": "6"}
{"id": 237, "answer": "1"}
{"id": 238, "answer": "6"}
{"id": 239, "answer": "3"}
{"id": 240, "answer": "4"}
{"id": 241, "answer": "2"}
{"id": 242, "answer": "1"}
{"id": 243, "answer": "1"}
{"id": 244, "answer": "0"}
{"id": 245, "answer": "3"}
{"id": 246, "answer": "0"}
{"id": 247, "answer": "5"}
{"id": 248, "answer": "2"}
{"id": 249, "answer": "2"}
{"id": 250, "answer": "4"}
{"id": 251, "answer": "5"}
{"id": 252, "answer": "0"}
{"id": 253, "answer": "2"}
{"id": 254, "answer": "1"}
{"id": 255, "answer": "3"}
{"id": 256, "answer": "0"}
{"id": 257, "answer": "5"}
{"id": 258, "answer": "3"}
{"id": 259, "answer": "2"}
{"id": 260, "answer": "5"}
{"id": 261, "answer": "0"}
{"id": 262, "answer": "6"}
{"id": 263, "answer": "0"}
{"id": 264, "answer": "1"}
{"id": 265, "answer": "6"}
{"id": 266, "answer": "3"}
{"id": 267, "answer": "2"}
{"id": 268, "answer": "5"}
{"id": 269, "answer": "0"}
{"id": 270, "answer": "3"}
{"id": 271, "answer": "3"}
{"id": 272, "answer": "5"}
{"id": 273, "answer": "2"}
{"id": 274, "answer": "2"}
{"id": 275, "answer": "5"}
{"id": 276, "answer": "1"}
{"id": 277, "answer": "4"}
{"id": 278, "answer": "3"}
{"id": 279, "answer": "5"}
{"id": 280, "answer": "4"}
{"id": 281, "answer": "6"}
{"id": 282, "answer": "4"}
{"id": 283, "answer": "1"}
{"id": 284, "answer": "0"}
{"id": 285, "answer": "2"}
{"id": 286, "answer": "3"}
{"id": 287, "answer": "3"}
{"id": 288, "answer": "5"}
{"id": 289, "answer": "1"}
{"id": 290, "answer": "0"}
{"id": 291, "answer": "1"}
{"id": 292, "answer": "6"}
{"id": 293, "answer": "2"}
{"id": 294, "answer": "4"}
{"id": 295, "answer": "3"}
{"id": 296, "answer": "4"}
{"id": 297, "answer": "1"}
{"id": 298, "answer": "3"}
{"id": 299, "answer": "1"}
{"id": 300, "answer": "0"}
{"id": 301, "answer": "1"}
{"id": 302, "answer": "3"}
{"id": 303, "answer": "1"}
{"id": 304, "answer": "6"}
{"id": 305, "answer": "2"}
{"id": 306, "answer": "1"}
{"id": 307, "answer": "3"}
{"id": 308, "answer": "5"}
{"id": 309, "answer": "1"}
{"id": 310, "answer": "6"}
{"id": 311, "answer": "6"}
{"id": 312, "answer": "1"}
{"id": 313, "answer": "4"}
{"id": 314, "answer": "6"}
{"id": 315, "answer": "0"}
{"id": 316, "answer": "2"}
{"id": 317, "answer": "5"}
{"id": 318, "answer": "1"}
{"id": 319, "answer": "4"}
{"id": 320, "answer": "1"}
{"id": 321, "answer": "5"}
{"id": 322, "answer": "1"}
{"id": 323, "answer": "3"}
{"id": 324, "answer": "4"}
{"id": 325, "answer": "3"}
{"id": 326, "answer": "4"}
{"id": 327, "answer": "2"}
{"id": 328, "answer": "2"}
{"id": 329, "answer": "5"}
{"id": 330, "answer": "3"}
{"id": 331, "answer": "3"}
{"id": 332, "answer": "0"}
{"id": 333, "answer": "5"}
{"id": 334, "answer": "0"}
{"id": 335, "answer": "0"}
{"id": 336, "answer": "0"}
{"id": 337, "answer": "3"}
{"id": 338, "answer": "2"}
{"id": 339, "answer": "5"}
{"id": 340, "answer": "1"}
{"id": 341, "answer": "2"}
{"id": 342, "answer": "5"}
{"id": 343, "answer": "1"}
{"id": 344, "answer": "5"}
{"id": 345, "answer": "4"}
{"id": 346, "answer": "0"}
{"id": 347, "answer": "5"}
{"id": 348, "answer": "5"}
{"id": 349, "answer": "2"}
{"id": 350, "answer": "4"}
{"id": 351, "answer": "4"}
{"id": 352, "answer": "6"}
{"id": 353, "answer": "1"}
{"id": 354, "answer": "4"}
{"id": 355, "answer": "6"}
{"id": 356, "answer": "4"}
{"id": 357, "answer": "2"}
{"id": 358, "answer": "3"}
{"id": 359, "answer": "0"}
{"id": 360, "answer": "4"}
{"id": 361, "answer": "3"}
{"id": 362, "answer": "5"}
{"id": 363, "answer": "0"}
{"id": 364, "answer": "0"}
{"id": 365, "answer": "0"}
{"id": 366, "answer": "6"}
{"id": 367, "answer": "4"}
{"id": 368, "answer": "0"}
{"id": 369, "answer": "1"}
{"id": 370, "answer": "3"}
{"id": 371, "answer": "4"}
{"id": 372, "answer": "1"}
{"id": 373, "answer": "3"}
{"id": 374, "answer": "3"}
{"id": 375, "answer": "3"}
{"id": 376, "answer": "1"}
{"id": 377, "answer": "1"}
{"id": 378, "answer": "6"}
{"id": 379, "answer": "1"}
{"id": 380, "answer": "4"}
{"id": 381, "answer": "3"}
{"id": 382, "answer": "4"}
{"id": 383, "answer": "5"}
{"id": 384, "answer": "5"}
{"id": 385, "answer": "6"}
{"id": 386, "answer": "0"}
{"id": 387, "answer": "5"}
{"id": 388, "answer": "2"}
{"id": 389, "answer": "3"}
{"id": 390, "answer": "4"}
{"id": 391, "answer": "4"}
{"id": 392, "answer": "2"}
{"id": 393, "answer": "5"}
{"id": 394, "answer": "5"}
{"id": 395, "answer": "6"}
{"id": 396, "answer": "5"}
{"id": 397, "answer": "4"}
{"id": 398, "answer": "6"}
{"id": 399, "answer": "3"}
{"id": 400, "answer": "5"}
{"id": 401, "answer": "1"}
{"id": 402, "answer": "3"}
{"id": 403, "answer": "6"}
{"id": 404, "answer": "6"}
{"id": 405, "answer": "0"}
{"id": 406, "answer": "1"}
{"id": 407, "answer": "3"}
{"id": 408, "answer": "3"}
{"id": 409, "answer": "4"}
{"id": 410, "answer": "5"}
{"id": 411, "answer": "0"}
{"id": 412, "answer": "3"}
{"id": 413, "answer": "2"}
{"id": 414, "answer": "3"}
{"id": 415, "answer": "0"}
{"id": 416, "answer": "3"}
{"id": 417, "answer": "4"}
{"id": 418, "answer": "1"}
{"id": 419, "answer": "0"}
{"id": 420, "answer": "5"}
{"id": 421, "answer": "4"}
{"id": 422, "answer": "6"}
{"id": 423, "answer": "3"}
{"id": 424, "answer": "5"}
{"id": 425, "answer": "6"}
{"id": 426, "answer": "0"}
{"id": 427, "answer": "3"}
{"id": 428, "answer": "6"}
{"id": 429, "answer": "6"}
{"id": 430, "answer": "2"}
{"id": 431, "answer": "0"}
{"id": 432, "answer": "3"}
{"id": 433, "answer": "2"}
{"id": 434, "answer": "1"}
{"id": 435, "answer": "0"}
{"id": 436, "answer": "2"}
{"id": 437, "answer": "4"}
{"id": 438, "answer": "1"}
{"id": 439, "answer": "5"}
{"id": 440, "answer": "0"}
{"id": 441, "answer": "4"}
{"id": 442, "answer": "4"}
{"id": 443, "answer": "6"}
{"id": 444, "answer": "3"}
{"id": 445, "answer": "0"}
{"id": 446, "answer": "3"}
{"id": 447, "answer": "0"}
{"id": 448, "answer": "3"}
{"id": 449, "answer": "3"}
{"id": 450, "answer": "5"}
{"id": 451, "answer": "5"}
{"id": 452, "answer": "1"}
{"id": 453, "answer": "0"}
{"id": 454, "answer": "2"}
{"id": 455, "answer": "4"}
{"id": 456, "answer": "5"}
{"id": 457, "answer": "2"}
{"id": 458, "answer": "5"}
{"id": 459, "answer": "3"}
{"id": 460, "answer": "1"}
{"id": 461, "answer": "0"}
{"id": 462, "answer": "0"}
{"id": 463, "answer": "1"}
{"id": 464, "answer": "4"}
{"id": 465, "answer": "1"}
{"id": 466, "answer": "1"}
{"id": 467, "answer": "6"}
{"id": 468, "answer": "1"}
{"id": 469, "answer": "2"}
{"id": 470, "answer": "5"}
{"id": 471, "answer": "4"}
{"id": 472, "answer": "1"}
{"id": 473, "answer": "6"}
{"id": 474, "answer": "3"}
{"id": 475, "answer": "3"}
{"id": 476, "answer": "4"}
{"id": 477, "answer": "1"}
{"id": 478, "answer": "5"}
{"id": 479, "answer": "4"}
{"id": 480, "answer": "5"}
{"id": 481, "answer": "1"}
{"id": 482, "answer": "6"}
{"id": 483, "answer": "4"}
{"id": 484, "answer": "1"}
{"id": 485, "answer": "2"}
{"id": 486, "answer": "0"}
{"id": 487, "answer": "3"}
{"id": 488, "answer": "5"}
{"id": 489, "answer": "2"}
{"id": 490, "answer": "3"}
{"id": 491, "answer": "5"}
{"id": 492, "answer": "5"}
{"id": 493, "answer": "2"}
{"id": 494, "answer": "5"}
{"id": 495, "answer": "4"}
{"id": 496, "answer": "2"}
{"id": 497, "answer": "3"}
{"id": 498, "answer": "4"}
{"id": 499, "answer": "0"}
{"id": 500, "answer": "5"}
{"id": 501, "answer": "0"}
{"id": 502, "answer": "3"}
{"id": 503, "answer": "5"}
{"id": 504, "answer": "5"}
{"id": 505, "answer": "0"}
{"id": 506, "answer": "3"}
{"id": 507, "answer": "6"}
{"id": 508, "answer": "6"}
{"id": 509, "answer": "6"}
{"id": 510, "answer": "6"}
{"id": 511, "answer": "1"}
{"id": 512, "answer": "5"}
{"id": 513, "answer": "3"}
{"id": 514, "answer": "4"}
{"id": 515, "answer": "0"}
{"id": 516, "answer": "0"}
{"id": 517, "answer": "2"}
{"id": 518, "answer": "4"}
{"id": 519, "answer": "0"}
{"id": 520, "answer": "1"}
{"id": 521, "answer": "1"}
{"id": 522, "answer": "6"}
{"id": 523, "answer": "1"}
{"id": 524, "answer": "2"}
{"id": 525, "answer": "1"}
{"id": 526, "answer": "0"}
{"id": 527, "answer": "2"}
{"id": 528, "answer": "6"}
{"id": 529, "answer": "1"}
{"id": 530, "answer": "2"}
{"id": 531, "answer": "2"}
{"id": 532, "answer": "0"}
{"id": 533, "answer": "4"}
{"id": 534, "answer": "6"}
{"id": 535, "answer": "3"}
{"id": 536, "answer": "3"}
{"id": 537, "answer": "4"}
{"id": 538, "answer": "2"}
{"id": 539, "answer": "0"}
{"id": 540, "answer": "3"}
{"id": 541, "answer": "5"}
{"id": 542, "answer": "2"}
{"id": 543, "answer": "5"}
{"id": 544, "answer": "0"}
{"id": 545, "answer": "2"}
{"id": 546, "answer": "0"}
{"id": 547, "answer": "2"}
{"id": 548, "answer": "6"}
{"id": 549, "answer": "2"}
{"id": 550, "answer": "2"}
{"id": 551, "answer": "1"}
{"id": 552, "answer": "2"}
{"id": 553, "answer": "3"}
{"id": 554, "answer": "0"}
{"id": 555, "answer": "1"}
{"id": 556, "answer": "1"}
{"id": 557, "answer": "5"}
{"id": 558, "answer": "2"}
{"id": 559, "answer": "3"}
{"id": 560, "answer": "1"}
{"id": 561, "answer": "3"}
{"id": 562, "answer": "2"}
{"id": 563, "answer": "4"}
{"id": 564, "answer": "3"}
{"id": 565, "answer": "5"}
{"id": 566, "answer": "5"}
{"id": 567, "answer": "5"}
{"id": 568, "answer": "6"}
{"id": 569, "answer": "4"}
{"id": 570, "answer": "0"}
{"id": 571, "answer": "6"}
{"id": 572, "answer": "6"}
{"id": 573, "answer": "4"}
{"id": 574, "answer": "4"}
{"id": 575, "answer": "5"}
{"id": 576, "answer": "3"}
{"id": 577, "answer": "0"}
{"id": 578, "answer": "2"}
{"id": 579, "answer": "4"}
{"id": 580, "answer": "3"}
{"id": 581, "answer": "6"}
{"id": 582, "answer": "0"}
{"id": 583, "answer": "2"}
{"id": 584, "answer": "3"}
{"id": 585, "answer": "3"}
{"id": 586, "answer": "3"}
{"id": 587, "answer": "1"}
{"id": 588, "answer": "0"}
{"id": 589, "answer": "1"}
{"id": 590, "answer": "6"}
{"id": 591, "answer": "5"}
{"id": 592, "answer": "2"}
{"id": 593, "answer": "0"}
{"id": 594, "answer": "3"}
{"id": 595, "answer": "1"}
{"id": 596, "answer": "5"}
{"id": 597, "answer": "2"}
{"id": 598, "answer": "3"}
{"id": 599, "answer": "3"}
{"id": 600, "answer": "6"}
{"id": 601, "answer": "2"}
{"id": 602, "answer": "6"}
{"id": 603, "answer": "0"}
{"id": 604, "answer": "6"}
{"id": 605, "answer": "0"}
{"id": 606, "answer": "0"}
{"id": 607, "answer": "2"}
{"id": 608, "answer": "1"}
{"id": 609, "answer": "2"}
{"id": 610, "answer": "0"}
{"id": 611, "answer": "3"}
{"id": 612, "answer": "4"}
{"id": 613, "answer": "3"}
{"id": 614, "answer": "5"}
{"id": 615, "answer": "5"}
{"id": 616, "answer": "6"}
{"id": 617, "answer": "3"}
{"id": 618, "answer": "5"}
{"id": 619, "answer": "6"}
{"id": 620, "answer": "6"}
{"id": 621, "answer": "1"}
{"id": 622, "answer": "2"}
{"id": 623, "answer": "0"}
{"id": 624, "answer": "5"}
{"id": 625, "answer": "6"}
{"id": 626, "answer": "2"}
{"id": 627, "answer": "2"}
{"id": 628, "answer": "0"}
{"id": 629, "answer": "0"}
{"id": 630, "answer": "5"}
{"id": 631, "answer": "4"}
{"id": 632, "answer": "1"}
{"id": 633, "answer": "1"}
{"id": 634, "answer": "2"}
{"id": 635, "answer": "3"}
{"id": 636, "answer": "4"}
{"id": 637, "answer": "6"}
{"id": 638, "answer": "5"}
{"id": 639, "answer": "5"}
{"id": 640, "answer": "5"}
{"id": 641, "answer": "3"}
{"id": 642, "answer": "0"}
{"id": 643, "answer": "5"}
{"id": 644, "answer": "6"}
{"id": 645, "answer": "0"}
{"id": 646, "answer": "6"}
{"id": 647, "answer": "2"}
{"id": 648, "answer": "3"}
{"id": 649, "answer": "2"}
{"id": 650, "answer": "4"}
{"id": 651, "answer": "4"}
{"id": 652, "answer": "4"}
{"id": 653, "answer": "4"}
{"id": 654, "answer": "0"}
{"id": 655, "answer": "5"}
{"id": 656, "answer": "1"}
{"id": 657, "answer": "3"}
{"id": 658, "answer": "1"}
{"id": 659, "answer": "1"}
{"id": 660, "answer": "2"}
{"id": 661, "answer": "3"}
{"id": 662, "answer": "6"}
{"id": 663, "answer": "6"}
{"id": 664, "answer": "5"}
{"id": 665, "answer": "4"}
{"id": 666, "answer": "2"}
{"id": 667, "answer": "1"}
{"id": 668, "answer": "4"}
{"id": 669, "answer": "0"}
{"id": 670, "answer": "2"}
{"id": 671, "answer": "5"}
{"id": 672, "answer": "2"}
{"id": 673, "answer": "1"}
{"id": 674, "answer": "6"}
{"id": 675, "answer": "2"}
{"id": 676, "answer": "0"}
{"id": 677, "answer": "1"}
{"id": 678, "answer": "3"}
{"id": 679, "answer": "0"}
{"id": 680, "answer": "2"}
{"id": 681, "answer": "4"}
{"id": 682, "answer": "3"}
{"id": 683, "answer": "5"}
{"id": 684, "answer": "0"}
{"id": 685, "answer": "6"}
{"id": 686, "answer": "6"}
{"id": 687, "answer": "4"}
{"id": 688, "answer": "4"}
{"id": 689, "answer": "2"}
{"id": 690, "answer": "3"}
{"id": 691, "answer": "2"}
{"id": 692, "answer": "1"}
{"id": 693, "answer": "6"}
{"id": 694, "answer": "2"}
{"id": 695, "answer": "6"}
{"id": 696, "answer": "4"}
{"id": 697, "answer": "6"}
{"id": 698, "answer": "5"}
{"id": 699, "answer": "1"}
{"id": 700, "answer": "4"}
{"id": 701, "answer": "5"}
{"id": 702, "answer": "2"}
{"id": 703, "answer": "5"}
{"id": 704, "answer": "0"}
{"id": 705, "answer": "3"}
{"id": 706, "answer": "0"}
{"id": 707, "answer": "5"}
{"id": 708, "answer": "2"}
{"id": 709, "answer": "6"}
{"id": 710, "answer": "1"}
{"id": 711, "answer": "5"}
{"id": 712, "answer": "3"}
{"id": 713, "answer": "1"}
{"id": 714, "answer": "4"}
{"id": 715, "answer": "5"}
{"id": 716, "answer": "5"}
{"id": 717, "answer": "5"}
{"id": 718, "answer": "2"}
{"id": 719, "answer": "6"}
{"id": 720, "answer": "1"}
{"id": 721, "answer": "3"}
{"id": 722, "answer": "2"}
{"id": 723, "answer": "6"}
{"id": 724, "answer": "2"}
{"id": 725, "answer": "2"}
{"id": 726, "answer": "0"}
{"id": 727, "answer": "3"}
{"id": 728, "answer": "6"}
{"id": 729, "answer": "0"}
{"id": 730, "answer": "5"}
{"id": 731, "answer": "5"}
{"id": 732, "answer": "0"}
{"id": 733, "answer": "0"}
{"id": 734, "answer": "1"}
{"id": 735, "answer": "0"}
{"id": 736, "answer": "5"}
{"id": 737, "answer": "4"}
{"id": 738, "answer": "5"}
{"id": 739, "answer": "3"}
{"id": 740, "answer": "5"}
{"id": 741, "answer": "6"}
{"id": 742, "answer": "4"}
{"id": 743, "answer": "4"}
{"id": 744, "answer": "0"}
{"id": 745, "answer": "3"}
{"id": 746, "answer": "6"}
{"id": 747, "answer": "3"}
{"id": 748, "answer": "5"}
{"id": 749, "answer": "4"}
{"id": 750, "answer": "1"}
{"id": 751, "answer": "2"}
{"id": 752, "answer": "0"}
{"id": 753, "answer": "2"}
{"id": 754, "answer": "0"}
{"id": 755, "answer": "2"}
{"id": 756, "answer": "1"}
{"id": 757, "answer": "3"}
{"id": 758, "answer": "5"}
{"id": 759, "answer": "1"}
{"id": 760, "answer": "1"}
{"id": 761, "answer": "1"}
{"id": 762, "answer": "1"}
{"id": 763, "answer": "6"}
{"id": 764, "answer": "3"}
{"id": 765, "answer": "2"}
{"id": 766, "answer": "5"}
{"id": 767, "answer": "6"}
{"id": 768, "answer": "0"}
{"id": 769, "answer": "1"}
{"id": 770, "answer": "0"}
{"id": 771, "answer": "0"}
{"id": 772, "answer": "1"}
{"id": 773, "answer": "4"}
{"id": 774, "answer": "3"}
{"id": 775, "answer": "5"}
{"id": 776, "answer": "2"}
{"id": 777, "answer": "4"}
{"id": 778, "answer": "4"}
{"id": 779, "answer": "6"}
{"id": 780, "answer": "5"}
{"id": 781, "answer": "6"}
{"id": 782, "answer": "5"}
{"id": 783, "answer": "3"}
{"id": 784, "answer": "0"}
{"id": 785, "answer": "3"}
{"id": 786, "answer": "3"}
{"id": 787, "answer": "2"}
{"id": 788, "answer": "5"}
{"id": 789, "answer": "3"}
{"id": 790, "answer": "4"}
{"id": 791, "answer": "5"}
{"id": 792, "answer": "2"}
{"id": 793, "answer": "6"}
{"id": 794, "answer": "2"}
{"id": 795, "answer": "6"}
{"id": 796, "answer": "5"}
{"id": 797, "answer": "3"}
{"id": 798, "answer": "1"}
{"id": 799, "answer": "4"}
{"id": 800, "answer": "5"}
{"id": 801, "answer": "4"}
{"id": 802, "answer": "0"}
{"id": 803, "answer": "6"}
{"id": 804, "answer": "1"}
{"id": 805, "answer": "0"}
{"id": 806, "answer": "3"}
{"id": 807, "answer": "1"}
{"id": 808, "answer": "5"}
{"id": 809, "answer": "1"}
{"id": 810, "answer": "1"}
{"id": 811, "answer": "2"}
{"id": 812, "answer": "2"}
{"id": 813, "answer": "1"}
{"id": 814, "answer": "4"}
{"id": 815, "answer": "0"}
{"id": 816, "answer": "1"}
{"id": 817, "answer": "3"}
{"id": 818, "answer": "6"}
{"id": 819, "answer": "0"}
{"id": 820, "answer": "4"}
{"id": 821, "answer": "4"}
{"id": 822, "answer": "3"}
{"id": 823, "answer": "0"}
{"id": 824, "answer": "4"}
{"id": 825, "answer": "5"}
{"id": 826, "answer": "4"}
{"id": 827, "answer": "5"}
{"id": 828, "answer": "6"}
{"id": 829, "answer": "1"}
{"id": 830, "answer": "6"}
{"id": 831, "answer": "6"}
{"id": 832, "answer": "5"}
{"id": 833, "answer": "5"}
{"id": 834, "answer": "6"}
{"id": 835, "answer": "6"}
{"id": 836, "answer": "1"}
{"id": 837, "answer": "2"}
{"id": 838, "answer": "6"}
{"id": 839, "answer": "5"}
{"id": 840, "answer": "5"}
{"id": 841, "answer": "3"}
{"id": 842, "answer": "1"}
{"id": 843, "answer": "4"}
{"id": 844, "answer": "6"}
{"id": 845, "answer": "0"}
{"id": 846, "answer": "5"}
{"id": 847, "answer": "2"}
{"id": 848, "answer": "0"}
{"id": 849, "answer": "1"}
{"id": 850, "answer": "2"}
{"id": 851, "answer": "0"}
{"id": 852, "answer": "4"}
{"id": 853, "answer": "4"}
{"id": 854, "answer": "6"}
{"id": 855, "answer": "4"}
{"id": 856, "answer": "2"}
{"id": 857, "answer": "6"}
{"id": 858, "answer": "1"}
{"id": 859, "answer": "4"}
{"id": 860, "answer": "5"}
{"id": 861, "answer": "2"}
{"id": 862, "answer": "2"}
{"id": 863, "answer": "2"}
{"id": 864, "answer": "1"}
{"id": 865, "answer": "1"}
{"id": 866, "answer": "2"}
{"id": 867, "answer": "5"}
{"id": 868, "answer": "4"}
{"id": 869, "answer": "4"}
{"id": 870, "answer": "4"}
{"id": 871, "answer": "2"}
{"id": 872, "answer": "3"}
{"id": 873, "answer": "4"}
{"id": 874, "answer": "2"}
{"id": 875, "answer": "0"}
{"id": 876, "answer": "1"}
{"id": 877, "answer": "6"}
{"id": 878, "answer": "0"}
{"id": 879, "answer": "1"}
{"id": 880, "answer": "2"}
{"id": 881, "answer": "6"}
{"id": 882, "answer": "5"}
{"id": 883, "answer": "2"}
{"id": 884, "answer": "1"}
{"id": 885, "answer": "4"}
{"id": 886, "answer": "3"}
{"id": 887, "answer": "1"}
{"id": 888, "answer": "2"}
{"id": 889, "answer": "4"}
{"id": 890, "answer": "4"}
{"id": 891, "answer": "3"}
{"id": 892, "answer": "6"}
{"id": 893, "answer": "2"}
{"id": 894, "answer": "0"}
{"id": 895, "answer": "4"}
{"id": 896, "answer": "0"}
{"id": 897, "answer": "1"}
{"id": 898, "answer": "0"}
{"id": 899, "answer": "0"}
{"id": 900, "answer": "6"}
{"id": 901, "answer": "0"}
{"id": 902, "answer": "3"}
{"id": 903, "answer": "1"}
{"id": 904, "answer": "2"}
{"id": 905, "answer": "2"}
{"id": 906, "answer": "6"}
{"id": 907, "answer": "6"}
{"id": 908, "answer": "3"}
{"id": 909, "answer": "4"}
{"id": 910, "answer": "3"}
{"id": 911, "answer": "6"}
{"id": 912, "answer": "0"}
{"id": 913, "answer": "4"}
{"id": 914, "answer": "3"}
{"id": 915, "answer": "4"}
{"id": 916, "answer": "0"}
{"id": 917, "answer": "3"}
{"id": 918, "answer": "1"}
{"id": 919, "answer": "3"}
{"id": 920, "answer": "1"}
{"id": 921, "answer": "4"}
{"id": 922, "answer": "1"}
{"id": 923, "answer": "4"}
{"id": 924, "answer": "4"}
{"id": 925, "answer": "2"}
{"id": 926, "answer": "6"}
{"id": 927, "answer": "4"}
{"id": 928, "answer": "1"}
{"id": 929, "answer": "2"}
{"id": 930, "answer": "1"}
{"id": 931, "answer": "2"}
{"id": 932, "answer": "2"}
{"id": 933, "answer": "6"}
{"id": 934, "answer": "0"}
{"id": 935, "answer": "6"}
{"id": 936, "answer": "4"}
{"id": 937, "answer": "4"}
{"id": 938, "answer": "5"}
{"id": 939, "answer": "1"}
{"id": 940, "answer": "6"}
{"id": 941, "answer": "5"}
{"id": 942, "answer": "3"}
{"id": 943, "answer": "0"}
{"id": 944, "answer": "0"}
{"id": 945, "answer": "0"}
{"id": 946, "answer": "5"}
{"id": 947, "answer": "2"}
{"id": 948, "answer": "0"}
{"id": 949, "answer": "0"}
{"id": 950, "answer": "0"}
{"id": 951, "answer": "2"}
{"id": 952, "answer": "4"}
{"id": 953, "answer": "5"}
{"id": 954, "answer": "0"}
{"id": 955, "answer": "4"}
{"id": 956, "answer": "0"}
{"id": 957, "answer": "5"}
{"id": 958, "answer": "4"}
{"id": 959, "answer": "2"}
{"id": 960, "answer": "4"}
{"id": 961, "answer": "4"}
{"id": 962, "answer": "5"}
{"id": 963, "answer": "2"}
{"id": 964, "answer": "2"}
{"id": 965, "answer": "0"}
{"id": 966, "answer": "5"}
{"id": 967, "answer": "3"}
{"id": 968, "answer": "1"}
{"id": 969, "answer": "3"}
{"id": 970, "answer": "2"}
{"id": 971, "answer": "1"}
{"id": 972, "answer": "3"}
{"id": 973, "answer": "4"}
{"id": 974, "answer": "3"}
{"id": 975, "answer": "0"}
{"id": 976, "answer": "4"}
{"id": 977, "answer": "1"}
{"id": 978, "answer": "6"}
{"id": 979, "answer": "3"}
{"id": 980, "answer": "3"}
{"id": 981, "answer": "3"}
{"id": 982, "answer": "5"}
{"id": 983, "answer": "0"}
{"id": 984, "answer": "5"}
{"id": 985, "answer": "3"}
{"id": 986, "answer": "4"}
{"id": 987, "answer": "3"}
{"id": 988, "answer": "0"}
{"id": 989, "answer": "4"}
{"id": 990, "answer": "1"}
{"id": 991, "answer": "1"}
{"id": 992, "answer": "2"}
{"id": 993, "answer": "4"}
{"id": 994, "answer": "6"}
{"id": 995, "answer": "4"}
{"id": 996, "answer": "0"}
{"id": 997, "answer": "5"}
{"id": 998, "answer": "4"}
{"id": 999, "answer": "3"}
{"id": 1000, "answer": "4"}
{"id": 1001, "answer": "0"}
{"id": 1002, "answer": "3"}
{"id": 1003, "answer": "1"}
{"id": 1004, "answer": "1"}
{"id": 1005, "answer": "4"}
{"id": 1006, "answer": "2"}
{"id": 1007, "answer": "2"}
{"id": 1008, "answer": "5"}
{"id": 1009, "answer": "4"}
{"id": 1010, "answer": "6"}
{"id": 1011, "answer": "3"}
{"id": 1012, "answer": "2"}
{"id": 1013, "answer": "5"}
{"id": 1014, "answer": "2"}
{"id": 1015, "answer": "2"}
{"id": 1016, "answer": "2"}
{"id": 1017, "answer": "3"}
{"id": 1018, "answer": "5"}
{"id": 1019, "answer": "5"}
{"id": 1020, "answer": "3"}
{"id": 1021, "answer": "6"}
{"id": 1022, "answer": "0"}
{"id": 1023, "answer": "1"}
{"id": 1024, "answer": "4"}
{"id": 1025, "answer": "3"}
{"id": 1026, "answer": "3"}
{"id": 1027, "answer": "3"}
{"id": 1028, "answer": "0"}
{"id": 1029, "answer": "2"}
{"id": 1030, "answer": "4"}
{"id": 1031, "answer": "4"}
{"id": 1032, "answer": "4"}
{"id": 1033, "answer": "6"}
{"id": 1034, "answer": "0"}
{"id": 1035, "answer": "1"}
{"id": 1036, "answer": "0"}
{"id": 1037, "answer": "4"}
{"id": 1038, "answer": "5"}
{"id": 1039, "answer": "3"}
{"id": 1040, "answer": "0"}
{"id": 1041, "answer": "2"}
{"id": 1042, "answer": "2"}
{"id": 1043, "answer": "5"}
{"id": 1044, "answer": "5"}
{"id": 1045, "answer": "3"}
{"id": 1046, "answer": "4"}
{"id": 1047, "answer": "6"}
{"id": 1048, "answer": "3"}
{"id": 1049, "answer": "0"}
{"id": 1050, "answer": "0"}
{"id": 1051, "answer": "6"}
{"id": 1052, "answer": "6"}
{"id": 1053, "answer": "4"}
{"id": 1054, "answer": "1"}
{"id": 1055, "answer": "0"}
{"id": 1056, "answer": "6"}
{"id": 1057, "answer": "5"}
{"id": 1058, "answer": "2"}
{"id": 1059, "answer": "2"}
{"id": 1060, "answer": "6"}
{"id": 1061, "answer": "2"}
{"id": 1062, "answer": "2"}
{"id": 1063, "answer": "2"}
{"id": 1064, "answer": "5"}
{"id": 1065, "answer": "1"}
{"id": 1066, "answer": "6"}
{"id": 1067, "answer": "1"}
{"id": 1068, "answer": "4"}
{"id": 1069, "answer": "5"}
{"id": 1070, "answer": "4"}
{"id": 1071, "answer": "1"}
{"id": 1072, "answer": "1"}
{"id": 1073, "answer": "2"}
{"id": 1074, "answer": "2"}
{"id": 1075, "answer": "4"}
{"id": 1076, "answer": "3"}
{"id": 1077, "answer": "3"}
{"id": 1078, "answer": "6"}
{"id": 1079, "answer": "0"}
{"id": 1080, "answer": "5"}
{"id": 1081, "answer": "2"}
{"id": 1082, "answer": "4"}
{"id": 1083, "answer": "2"}
{"id": 1084, "answer": "4"}
{"id": 1085, "answer": "0"}
{"id": 1086, "answer": "0"}
{"id": 1087, "answer": "3"}
{"id": 1088, "answer": "6"}
{"id": 1089, "answer": "2"}
{"id": 1090, "answer": "5"}
{"id": 1091, "answer": "0"}
{"id": 1092, "answer": "5"}
{"id": 1093, "answer": "2"}
{"id": 1094, "answer": "3"}
{"id": 1095, "answer": "3"}
{"id": 1096, "answer": "1"}
{"id": 1097, "answer": "4"}
{"id": 1098, "answer": "2"}
{"id": 1099, "answer": "0"}
{"id": 1100, "answer": "0"}
{"id": 1101, "answer": "1"}
{"id": 1102, "answer": "3"}
{"id": 1103, "answer": "3"}
{"id": 1104, "answer": "2"}
{"id": 1105, "answer": "1"}
{"id": 1106, "answer": "5"}
{"id": 1107, "answer": "5"}
{"id": 1108, "answer": "3"}
{"id": 1109, "answer": "4"}
{"id": 1110, "answer": "0"}
{"id": 1111, "answer": "5"}
{"id": 1112, "answer": "3"}
{"id": 1113, "answer": "5"}
{"id": 1114, "answer": "4"}
{"id": 1115, "answer": "4"}
{"id": 1116, "answer": "1"}
{"id": 1117, "answer": "2"}
{"id": 1118, "answer": "1"}
{"id": 1119, "answer": "6"}
{"id": 1120, "answer": "0"}
{"id": 1121, "answer": "6"}
{"id": 1122, "answer": "6"}
{"id": 1123, "answer": "5"}
{"id": 1124, "answer": "3"}
{"id": 1125, "answer": "0"}
{"id": 1126, "answer": "5"}
{"id": 1127, "answer": "0"}
{"id": 1128, "answer": "6"}
{"id": 1129, "answer": "2"}
{"id": 1130, "answer": "1"}
{"id": 1131, "answer": "5"}
{"id": 1132, "answer": "2"}
{"id": 1133, "answer": "4"}
{"id": 1134, "answer": "3"}
{"id": 1135, "answer": "5"}
{"id": 1136, "answer": "3"}
{"id": 1137, "answer": "2"}
{"id": 1138, "answer": "4"}
{"id": 1139, "answer": "6"}
{"id": 1140, "answer": "6"}
{"id": 1141, "answer": "4"}
{"id": 1142, "answer": "4"}
{"id": 1143, "answer": "4"}
{"id": 1144, "answer": "0"}
{"id": 1145, "answer": "4"}
{"id": 1146, "answer": "2"}
{"id": 1147, "answer": "6"}
{"id": 1148, "answer": "4"}
{"id": 1149, "answer": "4"}
{"id": 1150, "answer": "2"}
{"id": 1151, "answer": "6"}
{"id": 1152, "answer": "1"}
{"id": 1153, "answer": "3"}
{"id": 1154, "answer": "1"}
{"id": 1155, "answer": "3"}
{"id": 1156, "answer": "1"}
{"id": 1157, "answer": "0"}
{"id": 1158, "answer": "1"}
{"id": 1159, "answer": "5"}
{"id": 1160, "answer": "2"}
{"id": 1161, "answer": "1"}
{"id": 1162, "answer": "2"}
{"id": 1163, "answer": "3"}
{"id": 1164, "answer": "3"}
{"id": 1165, "answer": "4"}
{"id": 1166, "answer": "2"}
{"id": 1167, "answer": "5"}
{"id": 1168, "answer": "4"}
{"id": 1169, "answer": "6"}
{"id": 1170, "answer": "0"}
{"id": 1171, "answer": "2"}
{"id": 1172, "answer": "2"}
{"id": 1173, "answer": "6"}
{"id": 1174, "answer": "0"}
{"id": 1175, "answer": "1"}
{"id": 1176, "answer": "4"}
{"id": 1177, "answer": "5"}
{"id": 1178, "answer": "4"}
{"id": 1179, "answer": "1"}
{"id": 1180, "answer": "0"}
{"id": 1181, "answer": "2"}
{"id": 1182, "answer": "1"}
{"id": 1183, "answer": "1"}
{"id": 1184, "answer": "4"}
{"id": 1185, "answer": "4"}
{"id": 1186, "answer": "0"}
{"id": 1187, "answer": "3"}
{"id": 1188, "answer": "3"}
{"id": 1189, "answer": "4"}
{"id": 1190, "answer": "0"}
{"id": 1191, "answer": "0"}
{"id": 1192, "answer": "5"}
{"id": 1193, "answer": "0"}
{"id": 1194, "answer": "2"}
{"id": 1195, "answer": "0"}
{"id": 1196, "answer": "1"}
{"id": 1197, "answer": "6"}
{"id": 1198, "answer": "0"}
{"id": 1199, "answer": "2"}
{"id": 1200, "answer": "3"}
{"id": 1201, "answer": "4"}
{"id": 1202, "answer": "2"}
{"id": 1203, "answer": "0"}
{"id": 1204, "answer": "5"}
{"id": 1205, "answer": "5"}
{"id": 1206, "answer": "3"}
{"id": 1207, "answer": "6"}
{"id": 1208, "answer": "6"}
{"id": 1209, "answer": "6"}
{"id": 1210, "answer": "2"}
{"id": 1211, "answer": "4"}
{"id": 1212, "answer": "3"}
{"id": 1213, "answer": "4"}
{"id": 1214, "answer": "0"}
{"id": 1215, "answer": "3"}
{"id": 1216, "answer": "3"}
{"id": 1217, "answer": "1"}
{"id": 1218, "answer": "0"}
{"id": 1219, "answer": "4"}
{"id": 1220, "answer": "4"}
{"id": 1221, "answer": "3"}
{"id": 1222, "answer": "5"}
{"id": 1223, "answer": "1"}
{"id": 1224, "answer": "2"}
{"id": 1225, "answer": "0"}
{"id": 1226, "answer": "3"}
{"id": 1227, "answer": "3"}
{"id": 1228, "answer": "2"}
{"id": 1229, "answer": "6"}
{"id": 1230, "answer": "2"}
{"id": 1231, "answer": "0"}
{"id": 1232, "answer": "1"}
{"id": 1233, "answer": "3"}
{"id": 1234, "answer": "2"}
{"id": 1235, "answer": "1"}
{"id": 1236, "answer": "4"}
{"id": 1237, "answer": "4"}
{"id": 1238, "answer": "3"}
{"id": 1239, "answer": "4"}
{"id": 1240, "answer": "5"}
{"id": 1241, "answer": "6"}
{"id": 1242, "answer": "4"}
{"id": 1243, "answer": "1"}
{"id": 1244, "answer": "5"}
{"id": 1245, "answer": "6"}
{"id": 1246, "answer": "1"}
{"id": 1247, "answer": "5"}
{"id": 1248, "answer": "3"}
{"id": 1249, "answer": "6"}
{"id": 1250, "answer": "4"}
{"id": 1251, "answer": "5"}
{"id": 1252, "answer": "2"}
{"id": 1253, "answer": "5"}
{"id": 1254, "answer": "6"}
{"id": 1255, "answer": "0"}
{"id": 1256, "answer": "6"}
{"id": 1257, "answer": "1"}
{"id": 1258, "answer": "2"}
{"id": 1259, "answer": "6"}
{"id": 1260, "answer": "0"}
{"id": 1261, "answer": "4"}
{"id": 1262, "answer": "1"}
{"id": 1263, "answer": "5"}
{"id": 1264, "answer": "5"}
{"id": 1265, "answer": "1"}
{"id": 1266, "answer": "4"}
{"id": 1267, "answer": "4"}
{"id": 1268, "answer": "2"}
{"id": 1269, "answer": "0"}
{"id": 1270, "answer": "4"}
{"id": 1271, "answer": "3"}
{"id": 1272, "answer": "4"}
{"id": 1273, "answer": "3"}
{"id": 1274, "answer": "4"}
{"id": 1275, "answer": "1"}
{"id": 1276, "answer": "6"}
{"id": 1277, "answer": "1"}
{"id": 1278, "answer": "2"}
{"id": 1279, "answer": "5"}
{"id": 1280, "answer": "6"}
{"id": 1281, "answer": "5"}
{"id": 1282, "answer": "3"}
{"id": 1283, "answer": "4"}
{"id": 1284, "answer": "2"}
{"id": 1285, "answer": "0"}
{"id": 1286, "answer": "2"}
{"id": 1287, "answer": "6"}
{"id": 1288, "answer": "1"}
{"id": 1289, "answer": "2"}
{"id": 1290, "answer": "3"}
{"id": 1291, "answer": "2"}
{"id": 1292, "answer": "0"}
{"id": 1293, "answer": "5"}
{"id": 1294, "answer": "3"}
{"id": 1295, "answer": "0"}
{"id": 1296, "answer": "1"}
{"id": 1297, "answer": "6"}
{"id": 1298, "answer": "0"}
{"id": 1299, "answer": "2"}
{"id": 1300, "answer": "4"}
{"id": 1301, "answer": "1"}
{"id": 1302, "answer": "5"}
{"id": 1303, "answer": "3"}
{"id": 1304, "answer": "1"}
{"id": 1305, "answer": "2"}
{"id": 1306, "answer": "3"}
{"id": 1307, "answer": "6"}
{"id": 1308, "answer": "6"}
{"id": 1309, "answer": "3"}
{"id": 1310, "answer": "6"}
{"id": 1311, "answer": "2"}
{"id": 1312, "answer": "3"}
{"id": 1313, "answer": "3"}
{"id": 1314, "answer": "2"}
{"id": 1315, "answer": "2"}
{"id": 1316, "answer": "3"}
{"id": 1317, "answer": "3"}
{"id": 1318, "answer": "0"}
{"id": 1319, "answer": "2"}
{"id": 1320, "answer": "0"}
{"id": 1321, "answer": "6"}
{"id": 1322, "answer": "0"}
{"id": 1323, "answer": "5"}
{"id": 1324, "answer": "0"}
{"id": 1325, "answer": "2"}
{"id": 1326, "answer": "5"}
{"id": 1327, "answer": "1"}
{"id": 1328, "answer": "0"}
{"id": 1329, "answer": "0"}
{"id": 1330, "answer": "2"}
{"id": 1331, "answer": "5"}
{"id": 1332, "answer": "6"}
{"id": 1333, "answer": "4"}
{"id": 1334, "answer": "2"}
{"id": 1335, "answer": "2"}
{"id": 1336, "answer": "2"}
{"id": 1337, "answer": "3"}
{"id": 1338, "answer": "4"}
{"id": 1339, "answer": "6"}
{"id": 1340, "answer": "0"}
{"id": 1341, "answer": "3"}
{"id": 1342, "answer": "5"}
{"id": 1343, "answer": "1"}
{"id": 1344, "answer": "1"}
{"id": 1345, "answer": "4"}
{"id": 1346, "answer": "4"}
{"id": 1347, "answer": "2"}
{"id": 1348, "answer": "5"}
{"id": 1349, "answer": "0"}
{"id": 1350, "answer": "5"}
{"id": 1351, "answer": "6"}
{"id": 1352, "answer": "2"}
{"id": 1353, "answer": "0"}
{"id": 1354, "answer": "1"}
{"id": 1355, "answer": "5"}
{"id": 1356, "answer": "1"}
{"id": 1357, "answer": "5"}
{"id": 1358, "answer": "5"}
{"id": 1359, "answer": "6"}
{"id": 1360, "answer": "1"}
{"id": 1361, "answer": "2"}
{"id": 1362, "answer": "5"}
{"id": 1363, "answer": "6"}
{"id": 1364, "answer": "0"}
{"id": 1365, "answer": "1"}
{"id": 1366, "answer": "2"}
{"id": 1367, "answer": "4"}
{"id": 1368, "answer": "1"}
{"id": 1369, "answer": "6"}
{"id": 1370, "answer": "4"}
{"id": 1371, "answer": "4"}
{"id": 1372, "answer": "3"}
{"id": 1373, "answer": "3"}
{"id": 1374, "answer": "3"}
{"id": 1375, "answer": "6"}
{"id": 1376, "answer": "6"}
{"id": 1377, "answer": "0"}
{"id": 1378, "answer": "3"}
{"id": 1379, "answer": "4"}
{"id": 1380, "answer": "4"}
{"id": 1381, "answer": "5"}
{"id": 1382, "answer": "4"}
{"id": 1383, "answer": "1"}
{"id": 1384, "answer": "2"}
{"id": 1385, "answer": "3"}
{"id": 1386, "answer": "3"}
{"id": 1387, "answer": "1"}
{"id": 1388, "answer": "6"}
{"id": 1389, "answer": "0"}
{"id": 1390, "answer": "6"}
{"id": 1391, "answer": "6"}
{"id": 1392, "answer": "2"}
{"id": 1393, "answer": "6"}
{"id": 1394, "answer": "5"}
{"id": 1395, "answer": "5"}
{"id": 1396, "answer": "4"}
{"id": 1397, "answer": "5"}
{"id": 1398, "answer": "4"}
{"id": 1399, "answer": "3"}
{"id": 1400, "answer": "4"}
{"id": 1401, "answer": "6"}
{"id": 1402, "answer": "4"}
{"id": 1403, "answer": "0"}
{"id": 1404, "answer": "1"}
{"id": 1405, "answer": "4"}
{"id": 1406, "answer": "4"}
{"id": 1407, "answer": "4"}
{"id": 1408, "answer": "2"}
{"id": 1409, "answer": "0"}
{"id": 1410, "answer": "6"}
{"id": 1411, "answer": "6"}
{"id": 1412, "answer": "0"}
{"id": 1413, "answer": "1"}
{"id": 1414, "answer": "2"}
{"id": 1415, "answer": "0"}
{"id": 1416, "answer": "1"}
{"id": 1417, "answer": "5"}
{"id": 1418, "answer": "3"}
{"id": 1419, "answer": "2"}
{"id": 1420, "answer": "3"}
{"id": 1421, "answer": "6"}
{"id": 1422, "answer": "1"}
{"id": 1423, "answer": "2"}
{"id": 1424, "answer": "5"}
{"id": 1425, "answer": "4"}
{"id": 1426, "answer": "5"}
{"id": 1427, "answer": "6"}
{"id": 1428, "answer": "1"}
{"id": 1429, "answer": "4"}
{"id": 1430, "answer": "3"}
{"id": 1431, "answer": "3"}
{"id": 1432, "answer": "2"}
{"id": 1433, "answer": "0"}
{"id": 1434, "answer": "4"}
{"id": 1435, "answer": "2"}
{"id": 1436, "answer": "2"}
{"id": 1437, "answer": "5"}
{"id": 1438, "answer": "2"}
{"id": 1439, "answer": "6"}
{"id": 1440, "answer": "0"}
{"id": 1441, "answer": "5"}
{"id": 1442, "answer": "5"}
{"id": 1443, "answer": "2"}
{"id": 1444, "answer": "4"}
{"id": 1445, "answer": "0"}
{"id": 1446, "answer": "0"}
{"id": 1447, "answer": "4"}
{"id": 1448, "answer": "0"}
{"id": 1449, "answer": "4"}
{"id": 1450, "answer": "4"}
{"id": 1451, "answer": "5"}
{"id": 1452, "answer": "1"}
{"id": 1453, "answer": "4"}
{"id": 1454, "answer": "6"}
{"id": 1455, "answer": "6"}
{"id": 1456, "answer": "6"}
{"id": 1457, "answer": "4"}
{"id": 1458, "answer": "4"}
{"id": 1459, "answer": "1"}
{"id": 1460, "answer": "2"}
{"id": 1461, "answer": "3"}
{"id": 1462, "answer": "1"}
{"id": 1463, "answer": "2"}
{"id": 1464, "answer": "3"}
{"id": 1465, "answer": "3"}
{"id": 1466, "answer": "2"}
{"id": 1467, "answer": "0"}
{"id": 1468, "answer": "0"}
{"id": 1469, "answer": "2"}
{"id": 1470, "answer": "0"}
{"id": 1471, "answer": "1"}
{"id": 1472, "answer": "4"}
{"id": 1473, "answer": "3"}
{"id": 1474, "answer": "4"}
{"id": 1475, "answer": "5"}
{"id": 1476, "answer": "0"}
{"id": 1477, "answer": "5"}
{"id": 1478, "answer": "6"}
{"id": 1479, "answer": "5"}
{"id": 1480, "answer": "5"}
{"id": 1481, "answer": "4"}
{"id": 1482, "answer": "6"}
{"id": 1483, "answer": "5"}
{"id": 1484, "answer": "4"}
{"id": 1485, "answer": "1"}
{"id": 1486, "answer": "5"}
{"id": 1487, "answer": "1"}
{"id": 1488, "answer": "1"}
{"id": 1489, "answer": "2"}
{"id": 1490, "answer": "0"}
{"id": 1491, "answer": "5"}
{"id": 1492, "answer": "0"}
{"id": 1493, "answer": "2"}
{"id": 1494, "answer": "4"}
{"id": 1495, "answer": "3"}
{"id": 1496, "answer": "1"}
{"id": 1497, "answer": "0"}
{"id": 1498, "answer": "6"}
{"id": 1499, "answer": "5"}
{"id": 1500, "answer": "5"}
{"id": 1501, "answer": "1"}
{"id": 1502, "answer": "6"}
{"id": 1503, "answer": "1"}
{"id": 1504, "answer": "6"}
{"id": 1505, "answer": "0"}
{"id": 1506, "answer": "1"}
{"id": 1507, "answer": "1"}
{"id": 1508, "answer": "0"}
{"id": 1509, "answer": "4"}
{"id": 1510, "answer": "1"}
{"id": 1511, "answer": "0"}
{"id": 1512, "answer": "2"}
{"id": 1513, "answer": "2"}
{"id": 1514, "answer": "3"}
{"id": 1515, "answer": "6"}
{"id": 1516, "answer": "0"}
{"id": 1517, "answer": "0"}
{"id": 1518, "answer": "5"}
{"id": 1519, "answer": "4"}
{"id": 1520, "answer": "2"}
{"id": 1521, "answer": "2"}
{"id": 1522, "answer": "2"}
{"id": 1523, "answer": "5"}
{"id": 1524, "answer": "3"}
{"id": 1525, "answer": "6"}
{"id": 1526, "answer": "1"}
{"id": 1527, "answer": "4"}
{"id": 1528, "answer": "4"}
{"id": 1529, "answer": "3"}
{"id": 1530, "answer": "4"}
{"id": 1531, "answer": "3"}
{"id": 1532, "answer": "3"}
{"id": 1533, "answer": "0"}
{"id": 1534, "answer": "5"}
{"id": 1535, "answer": "3"}
{"id": 1536, "answer": "0"}
{"id": 1537, "answer": "4"}
{"id": 1538, "answer": "2"}
{"id": 1539, "answer": "5"}
{"id": 1540, "answer": "5"}
{"id": 1541, "answer": "2"}
{"id": 1542, "answer": "5"}
{"id": 1543, "answer": "1"}
{"id": 1544, "answer": "3"}
{"id": 1545, "answer": "0"}
{"id": 1546, "answer": "4"}
{"id": 1547, "answer": "2"}
{"id": 1548, "answer": "1"}
{"id": 1549, "answer": "3"}
{"id": 1550, "answer": "3"}
{"id": 1551, "answer": "0"}
{"id": 1552, "answer": "3"}
{"id": 1553, "answer": "4"}
{"id": 1554, "answer": "0"}
{"id": 1555, "answer": "5"}
{"id": 1556, "answer": "0"}
{"id": 1557, "answer": "4"}
{"id": 1558, "answer": "2"}
{"id": 1559, "answer": "1"}
{"id": 1560, "answer": "0"}
{"id": 1561, "answer": "1"}
{"id": 1562, "answer": "0"}
{"id": 1563, "answer": "0"}
{"id": 1564, "answer": "2"}
{"id": 1565, "answer": "4"}
{"id": 1566, "answer": "2"}
{"id": 1567, "answer": "6"}
{"id": 1568, "answer": "1"}
{"id": 1569, "answer": "1"}
{"id": 1570, "answer": "3"}
{"id": 1571, "answer": "2"}
{"id": 1572, "answer": "6"}
{"id": 1573, "answer": "5"}
{"id": 1574, "answer": "1"}
{"id": 1575, "answer": "5"}
{"id": 1576, "answer": "1"}
{"id": 1577, "answer": "0"}
{"id": 1578, "answer": "3"}
{"id": 1579, "answer": "4"}
{"id": 1580, "answer": "2"}
{"id": 1581, "answer": "2"}
{"id": 1582, "answer": "4"}
{"id": 1583, "answer": "1"}
{"id": 1584, "answer": "6"}
{"id": 1585, "answer": "3"}
{"id": 1586, "answer": "5"}
{"id": 1587, "answer": "6"}
{"id": 1588, "answer": "0"}
{"id": 1589, "answer": "3"}
{"id": 1590, "answer": "1"}
{"id": 1591, "answer": "4"}
{"id": 1592, "answer": "0"}
{"id": 1593, "answer": "4"}
{"id": 1594, "answer": "1"}
{"id": 1595, "answer": "1"}
{"id": 1596, "answer": "2"}
{"id": 1597, "answer": "1"}
{"id": 1598, "answer": "0"}
{"id": 1599, "answer": "5"}
{"id": 1600, "answer": "0"}
{"id": 1601, "answer": "6"}
{"id": 1602, "answer": "6"}
{"id": 1603, "answer": "2"}
{"id": 1604, "answer": "4"}
{"id": 1605, "answer": "6"}
{"id": 1606, "answer": "3"}
{"id": 1607, "answer": "6"}
{"id": 1608, "answer": "4"}
{"id": 1609, "answer": "5"}
{"id": 1610, "answer": "2"}
{"id": 1611, "answer": "0"}
{"id": 1612, "answer": "3"}
{"id": 1613, "answer": "2"}
{"id": 1614, "answer": "2"}
{"id": 1615, "answer": "4"}
{"id": 1616, "answer": "0"}
{"id": 1617, "answer": "1"}
{"id": 1618, "answer": "4"}
{"id": 1619, "answer": "0"}
{"id": 1620, "answer": "0"}
{"id": 1621, "answer": "1"}
{"id": 1622, "answer": "6"}
{"id": 1623, "answer": "2"}
{"id": 1624, "answer": "6"}
{"id": 1625, "answer": "1"}
{"id": 1626, "answer": "6"}
{"id": 1627, "answer": "4"}
{"id": 1628, "answer": "4"}
{"id": 1629, "answer": "5"}
{"id": 1630, "answer": "5"}
{"id": 1631, "answer": "4"}
{"id": 1632, "answer": "3"}
{"id": 1633, "answer": "6"}
{"id": 1634, "answer": "3"}
{"id": 1635, "answer": "5"}
{"id": 1636, "answer": "3"}
{"id": 1637, "answer": "3"}
{"id": 1638, "answer": "4"}
{"id": 1639, "answer": "6"}
{"id": 1640, "answer": "1"}
{"id": 1641, "answer": "0"}
{"id": 1642, "answer": "4"}
{"id": 1643, "answer": "3"}
{"id": 1644, "answer": "2"}
{"id": 1645, "answer": "5"}
{"id": 1646, "answer": "6"}
{"id": 1647, "answer": "0"}
{"id": 1648, "answer": "3"}
{"id": 1649, "answer": "0"}
{"id": 1650, "answer": "5"}
{"id": 1651, "answer": "5"}
{"id": 1652, "answer": "2"}
{"id": 1653, "answer": "2"}
{"id": 1654, "answer": "0"}
{"id": 1655, "answer": "3"}
{"id": 1656, "answer": "1"}
{"id": 1657, "answer": "5"}
{"id": 1658, "answer": "3"}
{"id": 1659, "answer": "0"}
{"id": 1660, "answer": "1"}
{"id": 1661, "answer": "1"}
{"id": 1662, "answer": "2"}
{"id": 1663, "answer": "1"}
{"id": 1664, "answer": "6"}
{"id": 1665, "answer": "2"}
{"id": 1666, "answer": "5"}
{"id": 1667, "answer": "4"}
{"id": 1668, "answer": "3"}
{"id": 1669, "answer": "2"}
{"id": 1670, "answer": "4"}
{"id": 1671, "answer": "3"}
{"id": 1672, "answer": "5"}
{"id": 1673, "answer": "5"}
{"id": 1674, "answer": "1"}
{"id": 1675, "answer": "2"}
{"id": 1676, "answer": "1"}
{"id": 1677, "answer": "0"}
{"id": 1678, "answer": "0"}
{"id": 1679, "answer": "2"}
{"id": 1680, "answer": "1"}
{"id": 1681, "answer": "0"}
{"id": 1682, "answer": "4"}
{"id": 1683, "answer": "3"}
{"id": 1684, "answer": "2"}
{"id": 1685, "answer": "1"}
{"id": 1686, "answer": "4"}
{"id": 1687, "answer": "5"}
{"id": 1688, "answer": "1"}
{"id": 1689, "answer": "1"}
{"id": 1690, "answer": "2"}
{"id": 1691, "answer": "2"}
{"id": 1692, "answer": "4"}
{"id": 1693, "answer": "0"}
{"id": 1694, "answer": "3"}
{"id": 1695, "answer": "0"}
{"id": 1696, "answer": "3"}
{"id": 1697, "answer": "6"}
{"id": 1698, "answer": "6"}
{"id": 1699, "answer": "0"}
{"id": 1700, "answer": "4"}
{"id": 1701, "answer": "4"}
{"id": 1702, "answer": "2"}
{"id": 1703, "answer": "1"}
{"id": 1704, "answer": "1"}
{"id": 1705, "answer": "5"}
{"id": 1706, "answer": "6"}
{"id": 1707, "answer": "5"}
{"id": 1708, "answer": "5"}
{"id": 1709, "answer": "4"}
{"id": 1710, "answer": "4"}
{"id": 1711, "answer": "1"}
{"id": 1712, "answer": "1"}
{"id": 1713, "answer": "1"}
{"id": 1714, "answer": "6"}
{"id": 1715, "answer": "5"}
{"id": 1716, "answer": "2"}
{"id": 1717, "answer": "3"}
{"id": 1718, "answer": "3"}
{"id": 1719, "answer": "2"}
{"id": 1720, "answer": "4"}
{"id": 1721, "answer": "3"}
{"id": 1722, "answer": "0"}
{"id": 1723, "answer": "1"}
{"id": 1724, "answer": "6"}
{"id": 1725, "answer": "2"}
{"id": 1726, "answer": "4"}
{"id": 1727, "answer": "0"}
{"id": 1728, "answer": "0"}
{"id": 1729, "answer": "6"}
{"id": 1730, "answer": "2"}
{"id": 1731, "answer": "2"}
{"id": 1732, "answer": "2"}
{"id": 1733, "answer": "4"}
{"id": 1734, "answer": "1"}
{"id": 1735, "answer": "6"}
{"id": 1736, "answer": "1"}
{"id": 1737, "answer": "2"}
{"id": 1738, "answer": "0"}
{"id": 1739, "answer": "3"}
{"id": 1740, "answer": "2"}
{"id": 1741, "answer": "1"}
{"id": 1742, "answer": "1"}
{"id": 1743, "answer": "2"}
{"id": 1744, "answer": "6"}
{"id": 1745, "answer": "0"}
{"id": 1746, "answer": "2"}
{"id": 1747, "answer": "4"}
{"id": 1748, "answer": "2"}
{"id": 1749, "answer": "1"}
{"id": 1750, "answer": "4"}
{"id": 1751, "answer": "4"}
{"id": 1752, "answer": "5"}
{"id": 1753, "answer": "4"}
{"id": 1754, "answer": "3"}
{"id": 1755, "answer": "3"}
{"id": 1756, "answer": "6"}
{"id": 1757, "answer": "5"}
{"id": 1758, "answer": "2"}
{"id": 1759, "answer": "4"}
{"id": 1760, "answer": "4"}
{"id": 1761, "answer": "4"}
{"id": 1762, "answer": "1"}
{"id": 1763, "answer": "5"}
{"id": 1764, "answer": "2"}
{"id": 1765, "answer": "1"}
{"id": 1766, "answer": "1"}
{"id": 1767, "answer": "0"}
{"id": 1768, "answer": "1"}
{"id": 1769, "answer": "5"}
{"id": 1770, "answer": "5"}
{"id": 1771, "answer": "3"}
{"id": 1772, "answer": "2"}
{"id": 1773, "answer": "6"}
{"id": 1774, "answer": "2"}
{"id": 1775, "answer": "5"}
{"id": 1776, "answer": "2"}
{"id": 1777, "answer": "3"}
{"id": 1778, "answer": "0"}
{"id": 1779, "answer": "6"}
{"id": 1780, "answer": "5"}
{"id": 1781, "answer": "2"}
{"id": 1782, "answer": "1"}
{"id": 1783, "answer": "5"}
{"id": 1784, "answer": "5"}
{"id": 1785, "answer": "4"}
{"id": 1786, "answer": "4"}
{"id": 1787, "answer": "3"}
{"id": 1788, "answer": "3"}
{"id": 1789, "answer": "1"}
{"id": 1790, "answer": "1"}
{"id": 1791, "answer": "4"}
{"id": 1792, "answer": "4"}
{"id": 1793, "answer": "5"}
{"id": 1794, "answer": "2"}
{"id": 1795, "answer": "1"}
{"id": 1796, "answer": "5"}
{"id": 1797, "answer": "2"}
{"id": 1798, "answer": "4"}
{"id": 1799, "answer": "2"}
{"id": 1800, "answer": "4"}
{"id": 1801, "answer": "3"}
{"id": 1802, "answer": "1"}
{"id": 1803, "answer": "6"}
{"id": 1804, "answer": "3"}
{"id": 1805, "answer": "4"}
{"id": 1806, "answer": "5"}
{"id": 1807, "answer": "1"}
{"id": 1808, "answer": "3"}
{"id": 1809, "answer": "5"}
{"id": 1810, "answer": "5"}
{"id": 1811, "answer": "0"}
{"id": 1812, "answer": "1"}
{"id": 1813, "answer": "3"}
{"id": 1814, "answer": "6"}
{"id": 1815, "answer": "6"}
{"id": 1816, "answer": "1"}
{"id": 1817, "answer": "1"}
{"id": 1818, "answer": "2"}
{"id": 1819, "answer": "5"}
{"id": 1820, "answer": "5"}
{"id": 1821, "answer": "1"}
{"id": 1822, "answer": "3"}
{"id": 1823, "answer": "6"}
{"id": 1824, "answer": "1"}
{"id": 1825, "answer": "1"}
{"id": 1826, "answer": "1"}
{"id": 1827, "answer": "0"}
{"id": 1828, "answer": "1"}
{"id": 1829, "answer": "1"}
{"id": 1830, "answer": "6"}
{"id": 1831, "answer": "5"}
{"id": 1832, "answer": "6"}
{"id": 1833, "answer": "4"}
{"id": 1834, "answer": "2"}
{"id": 1835, "answer": "6"}
{"id": 1836, "answer": "4"}
{"id": 1837, "answer": "4"}
{"id": 1838, "answer": "3"}
{"id": 1839, "answer": "2"}
{"id": 1840, "answer": "2"}
{"id": 1841, "answer": "2"}
{"id": 1842, "answer": "4"}
{"id": 1843, "answer": "1"}
{"id": 1844, "answer": "2"}
{"id": 1845, "answer": "0"}
{"id": 1846, "answer": "3"}
{"id": 1847, "answer": "6"}
{"id": 1848, "answer": "2"}
{"id": 1849, "answer": "4"}
{"id": 1850, "answer": "6"}
{"id": 1851, "answer": "1"}
{"id": 1852, "answer": "6"}
{"id": 1853, "answer": "0"}
{"id": 1854, "answer": "0"}
{"id": 1855, "answer": "0"}
{"id": 1856, "answer": "1"}
{"id": 1857, "answer": "2"}
{"id": 1858, "answer": "1"}
{"id": 1859, "answer": "0"}
{"id": 1860, "answer": "0"}
{"id": 1861, "answer": "3"}
{"id": 1862, "answer": "3"}
{"id": 1863, "answer": "1"}
{"id": 1864, "answer": "1"}
{"id": 1865, "answer": "3"}
{"id": 1866, "answer": "2"}
{"id": 1867, "answer": "0"}
{"id": 1868, "answer": "3"}
{"id": 1869, "answer": "1"}
{"id": 1870, "answer": "5"}
{"id": 1871, "answer": "2"}
{"id": 1872, "answer": "4"}
{"id": 1873, "answer": "0"}
{"id": 1874, "answer": "1"}
{"id": 1875, "answer": "5"}
{"id": 1876, "answer": "2"}
{"id": 1877, "answer": "4"}
{"id": 1878, "answer": "6"}
{"id": 1879, "answer": "3"}
{"id": 1880, "answer": "6"}
{"id": 1881, "answer": "0"}
{"id": 1882, "answer": "5"}
{"id": 1883, "answer": "0"}
{"id": 1884, "answer": "6"}
{"id": 1885, "answer": "1"}
{"id": 1886, "answer": "3"}
{"id": 1887, "answer": "6"}
{"id": 1888, "answer": "1"}
{"id": 1889, "answer": "4"}
{"id": 1890, "answer": "2"}
{"id": 1891, "answer": "3"}
{"id": 1892, "answer": "2"}
{"id": 1893, "answer": "4"}
{"id": 1894, "answer": "6"}
{"id": 1895, "answer": "1"}
{"id": 1896, "answer": "1"}
{"id": 1897, "answer": "0"}
{"id": 1898, "answer": "3"}
{"id": 1899, "answer": "6"}
{"id": 1900, "answer": "6"}
{"id": 1901, "answer": "4"}
{"id": 1902, "answer": "4"}
{"id": 1903, "answer": "3"}
{"id": 1904, "answer": "2"}
{"id": 1905, "answer": "1"}
{"id": 1906, "answer": "3"}
{"id": 1907, "answer": "3"}
{"id": 1908, "answer": "5"}
{"id": 1909, "answer": "6"}
{"id": 1910, "answer": "0"}
{"id": 1911, "answer": "1"}
{"id": 1912, "answer": "3"}
{"id": 1913, "answer": "0"}
{"id": 1914, "answer": "1"}
{"id": 1915, "answer": "5"}
{"id": 1916, "answer": "4"}
{"id": 1917, "answer": "6"}
{"id": 1918, "answer": "4"}
{"id": 1919, "answer": "2"}
{"id": 1920, "answer": "4"}
{"id": 1921, "answer": "5"}
{"id": 1922, "answer": "0"}
{"id": 1923, "answer": "3"}
{"id": 1924, "answer": "5"}
{"id": 1925, "answer": "1"}
{"id": 1926, "answer": "1"}
{"id": 1927, "answer": "1"}
{"id": 1928, "answer": "6"}
{"id": 1929, "answer": "6"}
{"id": 1930, "answer": "0"}
{"id": 1931, "answer": "6"}
{"id": 1932, "answer": "4"}
{"id": 1933, "answer": "3"}
{"id": 1934, "answer": "5"}
{"id": 1935, "answer": "3"}
{"id": 1936, "answer": "6"}
{"id": 1937, "answer": "3"}
{"id": 1938, "answer": "0"}
{"id": 1939, "answer": "2"}
{"id": 1940, "answer": "2"}
{"id": 1941, "answer": "5"}
{"id": 1942, "answer": "3"}
{"id": 1943, "answer": "2"}
{"id": 1944, "answer": "3"}
{"id": 1945, "answer": "3"}
{"id": 1946, "answer": "1"}
{"id": 1947, "answer": "2"}
{"id": 1948, "answer": "3"}
{"id": 1949, "answer": "2"}
{"id": 1950, "answer": "5"}
{"id": 1951, "answer": "1"}
{"id": 1952, "answer": "3"}
{"id": 1953, "answer": "3"}
{"id": 1954, "answer": "5"}
{"id": 1955, "answer": "4"}
{"id": 1956, "answer": "5"}
{"id": 1957, "answer": "5"}
{"id": 1958, "answer": "0"}
{"id": 1959, "answer": "6"}
{"id": 1960, "answer": "0"}
{"id": 1961, "answer": "1"}
{"id": 1962, "answer": "3"}
{"id": 1963, "answer": "0"}
{"id": 1964, "answer": "2"}
{"id": 1965, "answer": "0"}
{"id": 1966, "answer": "2"}
{"id": 1967, "answer": "5"}
{"id": 1968, "answer": "1"}
{"id": 1969, "answer": "2"}
{"id": 1970, "answer": "4"}
{"id": 1971, "answer": "3"}
{"id": 1972, "answer": "1"}
{"id": 1973, "answer": "3"}
{"id": 1974, "answer": "5"}
{"id": 1975, "answer": "3"}
{"id": 1976, "answer": "3"}
{"id": 1977, "answer": "2"}
{"id": 1978, "answer": "5"}
{"id": 1979, "answer": "5"}
{"id": 1980, "answer": "5"}
{"id": 1981, "answer": "3"}
{"id": 1982, "answer": "3"}
{"id": 1983, "answer": "6"}
{"id": 1984, "answer": "5"}
{"id": 1985, "answer": "1"}
{"id": 1986, "answer": "2"}
{"id": 1987, "answer": "1"}
{"id": 1988, "answer": "2"}
{"id": 1989, "answer": "4"}
{"id": 1990, "answer": "1"}
{"id": 1991, "answer": "0"}
{"id": 1992, "answer": "1"}
{"id": 1993, "answer": "3"}
{"id": 1994, "answer": "0"}
{"id": 1995, "answer": "1"}
{"id": 1996, "answer": "1"}
{"id": 1997, "answer": "4"}
{"id": 1998, "answer": "5"}
{"id": 1999, "answer": "1"}
