{"id": 0, "label": "false"}
{"id": 1, "label": "false"}
{"id": 2, "label": "true"}
{"id": 3, "label": "true"}
{"id": 4, "label": "false"}
{"id": 5, "label": "true"}
{"id": 6, "label": "true"}
{"id": 7, "label": "true"}
{"id": 8, "label": "true"}
{"id": 9, "label": "true"}
{"id": 10, "label": "false"}
{"id": 11, "label": "true"}
{"id": 12, "label": "true"}
{"id": 13, "label": "true"}
{"id": 14, "label": "true"}
{"id": 15, "label": "true"}
{"id": 16, "label": "true"}
{"id": 17, "label": "true"}
{"id": 18, "label": "true"}
{"id": 19, "label": "true"}
{"id": 20, "label": "false"}
{"id": 21, "label": "false"}
{"id": 22, "label": "true"}
{"id": 23, "label": "true"}
{"id": 24, "label": "false"}
{"id": 25, "label": "true"}
{"id": 26, "label": "true"}
{"id": 27, "label": "true"}
{"id": 28, "label": "true"}
{"id": 29, "label": "false"}
{"id": 30, "label": "true"}
{"id": 31, "label": "true"}
{"id": 32, "label": "true"}
{"id": 33, "label": "false"}
{"id": 34, "label": "false"}
{"id": 35, "label": "false"}
{"id": 36, "label": "false"}
{"id": 37, "label": "false"}
{"id": 38, "label": "true"}
{"id": 39, "label": "true"}
{"id": 40, "label": "false"}
{"id": 41, "label": "false"}
{"id": 42, "label": "false"}
{"id": 43, "label": "true"}
{"id": 44, "label": "true"}
{"id": 45, "label": "false"}
{"id": 46, "label": "true"}
{"id": 47, "label": "false"}
{"id": 48, "label": "false"}
{"id": 49, "label": "true"}
{"id": 50, "label": "true"}
{"id": 51, "label": "true"}
{"id": 52, "label": "true"}
{"id": 53, "label": "true"}
{"id": 54, "label": "true"}
{"id": 55, "label": "true"}
{"id": 56, "label": "true"}
{"id": 57, "label": "false"}
{"id": 58, "label": "true"}
{"id": 59, "label": "true"}
{"id": 60, "label": "true"}
{"id": 61, "label": "true"}
{"id": 62, "label": "true"}
{"id": 63, "label": "true"}
{"id": 64, "label": "true"}
{"id": 65, "label": "true"}
{"id": 66, "label": "true"}
{"id": 67, "label": "true"}
{"id": 68, "label": "true"}
{"id": 69, "label": "true"}
{"id": 70, "label": "true"}
{"id": 71, "label": "true"}
{"id": 72, "label": "true"}
{"id": 73, "label": "true"}
{"id": 74, "label": "true"}
{"id": 75, "label": "true"}
{"id": 76, "label": "true"}
{"id": 77, "label": "false"}
{"id": 78, "label": "true"}
{"id": 79, "label": "true"}
{"id": 80, "label": "true"}
{"id": 81, "label": "true"}
{"id": 82, "label": "true"}
{"id": 83, "label": "true"}
{"id": 84, "label": "true"}
{"id": 85, "label": "true"}
{"id": 86, "label": "true"}
{"id": 87, "label": "true"}
{"id": 88, "label": "true"}
{"id": 89, "label": "true"}
{"id": 90, "label": "true"}
{"id": 91, "label": "true"}
{"id": 92, "label": "true"}
{"id": 93, "label": "true"}
{"id": 94, "label": "true"}
{"id": 95, "label": "true"}
{"id": 96, "label": "false"}
{"id": 97, "label": "true"}
{"id": 98, "label": "true"}
{"id": 99, "label": "false"}
{"id": 100, "label": "false"}
{"id": 101, "label": "true"}
{"id": 102, "label": "true"}
{"id": 103, "label": "true"}
{"id": 104, "label": "true"}
{"id": 105, "label": "false"}
{"id": 106, "label": "true"}
{"id": 107, "label": "true"}
{"id": 108, "label": "true"}
{"id": 109, "label": "true"}
{"id": 110, "label": "true"}
{"id": 111, "label": "true"}
{"id": 112, "label": "true"}
{"id": 113, "label": "false"}
{"id": 114, "label": "false"}
{"id": 115, "label": "true"}
{"id": 116, "label": "true"}
{"id": 117, "label": "true"}
{"id": 118, "label": "true"}
{"id": 119, "label": "true"}
{"id": 120, "label": "false"}
{"id": 121, "label": "true"}
{"id": 122, "label": "true"}
{"id": 123, "label": "false"}
{"id": 124, "label": "false"}
{"id": 125, "label": "true"}
{"id": 126, "label": "false"}
{"id": 127, "label": "false"}
{"id": 128, "label": "false"}
{"id": 129, "label": "false"}
{"id": 130, "label": "true"}
{"id": 131, "label": "true"}
{"id": 132, "label": "true"}
{"id": 133, "label": "true"}
{"id": 134, "label": "true"}
{"id": 135, "label": "true"}
{"id": 136, "label": "false"}
{"id": 137, "label": "false"}
{"id": 138, "label": "false"}
{"id": 139, "label": "true"}
{"id": 140, "label": "false"}
{"id": 141, "label": "true"}
{"id": 142, "label": "true"}
{"id": 143, "label": "true"}
{"id": 144, "label": "true"}
{"id": 145, "label": "false"}
{"id": 146, "label": "true"}
{"id": 147, "label": "true"}
{"id": 148, "label": "true"}
{"id": 149, "label": "true"}
{"id": 150, "label": "false"}
{"id": 151, "label": "false"}
{"id": 152, "label": "true"}
{"id": 153, "label": "false"}
{"id": 154, "label": "false"}
{"id": 155, "label": "false"}
{"id": 156, "label": "true"}
{"id": 157, "label": "false"}
{"id": 158, "label": "false"}
{"id": 159, "label": "true"}
{"id": 160, "label": "true"}
{"id": 161, "label": "true"}
{"id": 162, "label": "false"}
{"id": 163, "label": "true"}
{"id": 164, "label": "false"}
{"id": 165, "label": "false"}
{"id": 166, "label": "true"}
{"id": 167, "label": "true"}
{"id": 168, "label": "true"}
{"id": 169, "label": "true"}
{"id": 170, "label": "false"}
{"id": 171, "label": "true"}
{"id": 172, "label": "true"}
{"id": 173, "label": "true"}
{"id": 174, "label": "false"}
{"id": 175, "label": "false"}
{"id": 176, "label": "false"}
{"id": 177, "label": "false"}
{"id": 178, "label": "false"}
{"id": 179, "label": "true"}
{"id": 180, "label": "true"}
{"id": 181, "label": "true"}
{"id": 182, "label": "true"}
{"id": 183, "label": "true"}
{"id": 184, "label": "true"}
{"id": 185, "label": "true"}
{"id": 186, "label": "false"}
{"id": 187, "label": "true"}
{"id": 188, "label": "true"}
{"id": 189, "label": "true"}
{"id": 190, "label": "true"}
{"id": 191, "label": "true"}
{"id": 192, "label": "true"}
{"id": 193, "label": "true"}
{"id": 194, "label": "true"}
{"id": 195, "label": "true"}
{"id": 196, "label": "false"}
{"id": 197, "label": "false"}
{"id": 198, "label": "true"}
{"id": 199, "label": "false"}
{"id": 200, "label": "false"}
{"id": 201, "label": "false"}
{"id": 202, "label": "true"}
{"id": 203, "label": "false"}
{"id": 204, "label": "true"}
{"id": 205, "label": "true"}
{"id": 206, "label": "true"}
{"id": 207, "label": "true"}
{"id": 208, "label": "false"}
{"id": 209, "label": "false"}
{"id": 210, "label": "false"}
{"id": 211, "label": "true"}
{"id": 212, "label": "true"}
{"id": 213, "label": "true"}
{"id": 214, "label": "true"}
{"id": 215, "label": "true"}
{"id": 216, "label": "true"}
{"id": 217, "label": "true"}
{"id": 218, "label": "true"}
{"id": 219, "label": "true"}
{"id": 220, "label": "true"}
{"id": 221, "label": "true"}
{"id": 222, "label": "false"}
{"id": 223, "label": "true"}
{"id": 224, "label": "false"}
{"id": 225, "label": "false"}
{"id": 226, "label": "true"}
{"id": 227, "label": "true"}
{"id": 228, "label": "true"}
{"id": 229, "label": "true"}
{"id": 230, "label": "true"}
{"id": 231, "label": "true"}
{"id": 232, "label": "true"}
{"id": 233, "label": "false"}
{"id": 234, "label": "false"}
{"id": 235, "label": "true"}
{"id": 236, "label": "false"}
{"id": 237, "label": "false"}
{"id": 238, "label": "true"}
{"id": 239, "label": "true"}
{"id": 240, "label": "true"}
{"id": 241, "label": "true"}
{"id": 242, "label": "true"}
{"id": 243, "label": "true"}
{"id": 244, "label": "false"}
{"id": 245, "label": "false"}
{"id": 246, "label": "true"}
{"id": 247, "label": "true"}
{"id": 248, "label": "false"}
{"id": 249, "label": "false"}
{"id": 250, "label": "false"}
{"id": 251, "label": "false"}
{"id": 252, "label": "true"}
{"id": 253, "label": "true"}
{"id": 254, "label": "true"}
{"id": 255, "label": "false"}
{"id": 256, "label": "true"}
{"id": 257, "label": "true"}
{"id": 258, "label": "true"}
{"id": 259, "label": "true"}
{"id": 260, "label": "true"}
{"id": 261, "label": "true"}
{"id": 262, "label": "true"}
{"id": 263, "label": "true"}
{"id": 264, "label": "false"}
{"id": 265, "label": "false"}
{"id": 266, "label": "true"}
{"id": 267, "label": "false"}
{"id": 268, "label": "false"}
{"id": 269, "label": "false"}
{"id": 270, "label": "false"}
{"id": 271, "label": "true"}
{"id": 272, "label": "true"}
{"id": 273, "label": "true"}
{"id": 274, "label": "true"}
{"id": 275, "label": "false"}
{"id": 276, "label": "false"}
{"id": 277, "label": "true"}
{"id": 278, "label": "true"}
{"id": 279, "label": "true"}
{"id": 280, "label": "false"}
{"id": 281, "label": "false"}
{"id": 282, "label": "false"}
{"id": 283, "label": "true"}
{"id": 284, "label": "true"}
{"id": 285, "label": "true"}
{"id": 286, "label": "true"}
{"id": 287, "label": "false"}
{"id": 288, "label": "true"}
{"id": 289, "label": "true"}
