{"id": 0, "label": "Negative"}
{"id": 1, "label": "Negative"}
{"id": 2, "label": "Positive"}
{"id": 3, "label": "Positive"}
{"id": 4, "label": "Negative"}
{"id": 5, "label": "Negative"}
{"id": 6, "label": "Negative"}
{"id": 7, "label": "Negative"}
{"id": 8, "label": "Positive"}
{"id": 9, "label": "Negative"}
{"id": 10, "label": "Positive"}
{"id": 11, "label": "Positive"}
{"id": 12, "label": "Negative"}
{"id": 13, "label": "Negative"}
{"id": 14, "label": "Positive"}
{"id": 15, "label": "Negative"}
{"id": 16, "label": "Positive"}
{"id": 17, "label": "Positive"}
{"id": 18, "label": "Positive"}
{"id": 19, "label": "Positive"}
{"id": 20, "label": "Positive"}
{"id": 21, "label": "Negative"}
{"id": 22, "label": "Positive"}
{"id": 23, "label": "Negative"}
{"id": 24, "label": "Negative"}
{"id": 25, "label": "Negative"}
{"id": 26, "label": "Positive"}
{"id": 27, "label": "Positive"}
{"id": 28, "label": "Negative"}
{"id": 29, "label": "Negative"}
{"id": 30, "label": "Negative"}
{"id": 31, "label": "Negative"}
{"id": 32, "label": "Negative"}
{"id": 33, "label": "Negative"}
{"id": 34, "label": "Positive"}
{"id": 35, "label": "Positive"}
{"id": 36, "label": "Positive"}
{"id": 37, "label": "Positive"}
{"id": 38, "label": "Negative"}
{"id": 39, "label": "Positive"}
{"id": 40, "label": "Negative"}
{"id": 41, "label": "Positive"}
{"id": 42, "label": "Negative"}
{"id": 43, "label": "Negative"}
{"id": 44, "label": "Positive"}
{"id": 45, "label": "Negative"}
{"id": 46, "label": "Negative"}
{"id": 47, "label": "Positive"}
{"id": 48, "label": "Negative"}
{"id": 49, "label": "Negative"}
{"id": 50, "label": "Positive"}
{"id": 51, "label": "Negative"}
{"id": 52, "label": "Positive"}
{"id": 53, "label": "Negative"}
{"id": 54, "label": "Negative"}
{"id": 55, "label": "Negative"}
{"id": 56, "label": "Positive"}
{"id": 57, "label": "Negative"}
{"id": 58, "label": "Negative"}
{"id": 59, "label": "Negative"}
{"id": 60, "label": "Negative"}
{"id": 61, "label": "Negative"}
{"id": 62, "label": "Positive"}
{"id": 63, "label": "Negative"}
{"id": 64, "label": "Positive"}
{"id": 65, "label": "Negative"}
{"id": 66, "label": "Positive"}
{"id": 67, "label": "Positive"}
{"id": 68, "label": "Positive"}
{"id": 69, "label": "Negative"}
{"id": 70, "label": "Positive"}
{"id": 71, "label": "Negative"}
{"id": 72, "label": "Positive"}
{"id": 73, "label": "Negative"}
{"id": 74, "label": "Negative"}
{"id": 75, "label": "Positive"}
{"id": 76, "label": "Positive"}
{"id": 77, "label": "Negative"}
{"id": 78, "label": "Negative"}
{"id": 79, "label": "Negative"}
{"id": 80, "label": "Negative"}
{"id": 81, "label": "Negative"}
{"id": 82, "label": "Positive"}
{"id": 83, "label": "Positive"}
{"id": 84, "label": "Negative"}
{"id": 85, "label": "Positive"}
{"id": 86, "label": "Positive"}
{"id": 87, "label": "Negative"}
{"id": 88, "label": "Negative"}
{"id": 89, "label": "Negative"}
{"id": 90, "label": "Positive"}
{"id": 91, "label": "Negative"}
{"id": 92, "label": "Negative"}
{"id": 93, "label": "Positive"}
{"id": 94, "label": "Positive"}
{"id": 95, "label": "Positive"}
{"id": 96, "label": "Negative"}
{"id": 97, "label": "Positive"}
{"id": 98, "label": "Positive"}
{"id": 99, "label": "Negative"}
{"id": 100, "label": "Negative"}
{"id": 101, "label": "Positive"}
{"id": 102, "label": "Negative"}
{"id": 103, "label": "Negative"}
{"id": 104, "label": "Negative"}
{"id": 105, "label": "Negative"}
{"id": 106, "label": "Positive"}
{"id": 107, "label": "Negative"}
{"id": 108, "label": "Negative"}
{"id": 109, "label": "Negative"}
{"id": 110, "label": "Positive"}
{"id": 111, "label": "Positive"}
{"id": 112, "label": "Negative"}
{"id": 113, "label": "Negative"}
{"id": 114, "label": "Positive"}
{"id": 115, "label": "Negative"}
{"id": 116, "label": "Negative"}
{"id": 117, "label": "Negative"}
{"id": 118, "label": "Positive"}
{"id": 119, "label": "Negative"}
{"id": 120, "label": "Negative"}
{"id": 121, "label": "Negative"}
{"id": 122, "label": "Positive"}
{"id": 123, "label": "Negative"}
{"id": 124, "label": "Positive"}
{"id": 125, "label": "Positive"}
{"id": 126, "label": "Negative"}
{"id": 127, "label": "Negative"}
{"id": 128, "label": "Positive"}
{"id": 129, "label": "Negative"}
{"id": 130, "label": "Positive"}
{"id": 131, "label": "Negative"}
{"id": 132, "label": "Positive"}
{"id": 133, "label": "Positive"}
{"id": 134, "label": "Positive"}
{"id": 135, "label": "Negative"}
{"id": 136, "label": "Positive"}
{"id": 137, "label": "Positive"}
{"id": 138, "label": "Negative"}
{"id": 139, "label": "Negative"}
{"id": 140, "label": "Negative"}
{"id": 141, "label": "Negative"}
{"id": 142, "label": "Negative"}
{"id": 143, "label": "Negative"}
{"id": 144, "label": "Negative"}
{"id": 145, "label": "Negative"}
{"id": 146, "label": "Positive"}
{"id": 147, "label": "Positive"}
{"id": 148, "label": "Negative"}
{"id": 149, "label": "Positive"}
{"id": 150, "label": "Negative"}
{"id": 151, "label": "Negative"}
{"id": 152, "label": "Negative"}
{"id": 153, "label": "Positive"}
{"id": 154, "label": "Positive"}
{"id": 155, "label": "Negative"}
{"id": 156, "label": "Negative"}
{"id": 157, "label": "Negative"}
{"id": 158, "label": "Negative"}
{"id": 159, "label": "Positive"}
{"id": 160, "label": "Positive"}
{"id": 161, "label": "Negative"}
{"id": 162, "label": "Negative"}
{"id": 163, "label": "Negative"}
{"id": 164, "label": "Negative"}
{"id": 165, "label": "Positive"}
{"id": 166, "label": "Positive"}
{"id": 167, "label": "Negative"}
{"id": 168, "label": "Positive"}
{"id": 169, "label": "Positive"}
{"id": 170, "label": "Positive"}
{"id": 171, "label": "Negative"}
{"id": 172, "label": "Negative"}
{"id": 173, "label": "Positive"}
{"id": 174, "label": "Positive"}
{"id": 175, "label": "Negative"}
{"id": 176, "label": "Negative"}
{"id": 177, "label": "Positive"}
{"id": 178, "label": "Positive"}
{"id": 179, "label": "Positive"}
{"id": 180, "label": "Positive"}
{"id": 181, "label": "Positive"}
{"id": 182, "label": "Negative"}
{"id": 183, "label": "Negative"}
{"id": 184, "label": "Positive"}
{"id": 185, "label": "Negative"}
{"id": 186, "label": "Positive"}
{"id": 187, "label": "Negative"}
{"id": 188, "label": "Positive"}
{"id": 189, "label": "Negative"}
{"id": 190, "label": "Negative"}
{"id": 191, "label": "Positive"}
{"id": 192, "label": "Negative"}
{"id": 193, "label": "Positive"}
{"id": 194, "label": "Positive"}
{"id": 195, "label": "Negative"}
{"id": 196, "label": "Negative"}
{"id": 197, "label": "Negative"}
{"id": 198, "label": "Negative"}
{"id": 199, "label": "Negative"}
{"id": 200, "label": "Negative"}
{"id": 201, "label": "Negative"}
{"id": 202, "label": "Positive"}
{"id": 203, "label": "Negative"}
{"id": 204, "label": "Negative"}
{"id": 205, "label": "Negative"}
{"id": 206, "label": "Negative"}
{"id": 207, "label": "Negative"}
{"id": 208, "label": "Positive"}
{"id": 209, "label": "Positive"}
{"id": 210, "label": "Negative"}
{"id": 211, "label": "Positive"}
{"id": 212, "label": "Positive"}
{"id": 213, "label": "Positive"}
{"id": 214, "label": "Negative"}
{"id": 215, "label": "Negative"}
{"id": 216, "label": "Positive"}
{"id": 217, "label": "Positive"}
{"id": 218, "label": "Negative"}
{"id": 219, "label": "Positive"}
{"id": 220, "label": "Negative"}
{"id": 221, "label": "Negative"}
{"id": 222, "label": "Negative"}
{"id": 223, "label": "Negative"}
{"id": 224, "label": "Negative"}
{"id": 225, "label": "Negative"}
{"id": 226, "label": "Negative"}
{"id": 227, "label": "Negative"}
{"id": 228, "label": "Negative"}
{"id": 229, "label": "Negative"}
{"id": 230, "label": "Negative"}
{"id": 231, "label": "Negative"}
{"id": 232, "label": "Negative"}
{"id": 233, "label": "Negative"}
{"id": 234, "label": "Positive"}
{"id": 235, "label": "Negative"}
{"id": 236, "label": "Negative"}
{"id": 237, "label": "Positive"}
{"id": 238, "label": "Positive"}
{"id": 239, "label": "Positive"}
{"id": 240, "label": "Negative"}
{"id": 241, "label": "Positive"}
{"id": 242, "label": "Negative"}
{"id": 243, "label": "Negative"}
{"id": 244, "label": "Positive"}
{"id": 245, "label": "Negative"}
{"id": 246, "label": "Positive"}
{"id": 247, "label": "Positive"}
{"id": 248, "label": "Positive"}
{"id": 249, "label": "Negative"}
{"id": 250, "label": "Negative"}
{"id": 251, "label": "Positive"}
{"id": 252, "label": "Negative"}
{"id": 253, "label": "Positive"}
{"id": 254, "label": "Positive"}
{"id": 255, "label": "Positive"}
{"id": 256, "label": "Negative"}
{"id": 257, "label": "Negative"}
{"id": 258, "label": "Positive"}
{"id": 259, "label": "Negative"}
{"id": 260, "label": "Negative"}
{"id": 261, "label": "Negative"}
{"id": 262, "label": "Positive"}
{"id": 263, "label": "Positive"}
{"id": 264, "label": "Positive"}
{"id": 265, "label": "Positive"}
{"id": 266, "label": "Positive"}
{"id": 267, "label": "Negative"}
{"id": 268, "label": "Positive"}
{"id": 269, "label": "Negative"}
{"id": 270, "label": "Positive"}
{"id": 271, "label": "Negative"}
{"id": 272, "label": "Negative"}
{"id": 273, "label": "Negative"}
{"id": 274, "label": "Negative"}
{"id": 275, "label": "Negative"}
{"id": 276, "label": "Positive"}
{"id": 277, "label": "Negative"}
{"id": 278, "label": "Negative"}
{"id": 279, "label": "Negative"}
{"id": 280, "label": "Negative"}
{"id": 281, "label": "Positive"}
{"id": 282, "label": "Negative"}
{"id": 283, "label": "Negative"}
{"id": 284, "label": "Negative"}
{"id": 285, "label": "Positive"}
{"id": 286, "label": "Negative"}
{"id": 287, "label": "Negative"}
{"id": 288, "label": "Negative"}
{"id": 289, "label": "Positive"}
{"id": 290, "label": "Negative"}
{"id": 291, "label": "Negative"}
{"id": 292, "label": "Negative"}
{"id": 293, "label": "Positive"}
{"id": 294, "label": "Negative"}
{"id": 295, "label": "Negative"}
{"id": 296, "label": "Negative"}
{"id": 297, "label": "Negative"}
{"id": 298, "label": "Negative"}
{"id": 299, "label": "Negative"}
{"id": 300, "label": "Negative"}
{"id": 301, "label": "Positive"}
{"id": 302, "label": "Positive"}
{"id": 303, "label": "Negative"}
{"id": 304, "label": "Negative"}
{"id": 305, "label": "Positive"}
{"id": 306, "label": "Negative"}
{"id": 307, "label": "Positive"}
{"id": 308, "label": "Positive"}
{"id": 309, "label": "Positive"}
{"id": 310, "label": "Negative"}
{"id": 311, "label": "Negative"}
{"id": 312, "label": "Positive"}
{"id": 313, "label": "Negative"}
{"id": 314, "label": "Positive"}
{"id": 315, "label": "Positive"}
{"id": 316, "label": "Positive"}
{"id": 317, "label": "Positive"}
{"id": 318, "label": "Positive"}
{"id": 319, "label": "Negative"}
{"id": 320, "label": "Negative"}
{"id": 321, "label": "Negative"}
{"id": 322, "label": "Positive"}
{"id": 323, "label": "Negative"}
{"id": 324, "label": "Negative"}
{"id": 325, "label": "Negative"}
{"id": 326, "label": "Negative"}
{"id": 327, "label": "Positive"}
{"id": 328, "label": "Negative"}
{"id": 329, "label": "Negative"}
{"id": 330, "label": "Negative"}
{"id": 331, "label": "Positive"}
{"id": 332, "label": "Negative"}
{"id": 333, "label": "Negative"}
{"id": 334, "label": "Positive"}
{"id": 335, "label": "Negative"}
{"id": 336, "label": "Negative"}
{"id": 337, "label": "Negative"}
{"id": 338, "label": "Negative"}
{"id": 339, "label": "Positive"}
{"id": 340, "label": "Negative"}
{"id": 341, "label": "Positive"}
{"id": 342, "label": "Positive"}
{"id": 343, "label": "Positive"}
{"id": 344, "label": "Positive"}
{"id": 345, "label": "Negative"}
{"id": 346, "label": "Negative"}
{"id": 347, "label": "Positive"}
{"id": 348, "label": "Positive"}
{"id": 349, "label": "Negative"}
{"id": 350, "label": "Positive"}
{"id": 351, "label": "Negative"}
{"id": 352, "label": "Positive"}
{"id": 353, "label": "Positive"}
{"id": 354, "label": "Negative"}
{"id": 355, "label": "Negative"}
{"id": 356, "label": "Negative"}
{"id": 357, "label": "Negative"}
{"id": 358, "label": "Positive"}
{"id": 359, "label": "Positive"}
{"id": 360, "label": "Positive"}
{"id": 361, "label": "Negative"}
{"id": 362, "label": "Negative"}
{"id": 363, "label": "Positive"}
{"id": 364, "label": "Negative"}
{"id": 365, "label": "Positive"}
{"id": 366, "label": "Negative"}
{"id": 367, "label": "Positive"}
{"id": 368, "label": "Positive"}
{"id": 369, "label": "Positive"}
{"id": 370, "label": "Negative"}
{"id": 371, "label": "Positive"}
{"id": 372, "label": "Negative"}
{"id": 373, "label": "Positive"}
{"id": 374, "label": "Negative"}
{"id": 375, "label": "Negative"}
{"id": 376, "label": "Negative"}
{"id": 377, "label": "Negative"}
{"id": 378, "label": "Negative"}
{"id": 379, "label": "Positive"}
{"id": 380, "label": "Negative"}
{"id": 381, "label": "Positive"}
{"id": 382, "label": "Negative"}
{"id": 383, "label": "Negative"}
{"id": 384, "label": "Negative"}
{"id": 385, "label": "Positive"}
{"id": 386, "label": "Positive"}
{"id": 387, "label": "Negative"}
{"id": 388, "label": "Positive"}
{"id": 389, "label": "Negative"}
{"id": 390, "label": "Positive"}
{"id": 391, "label": "Negative"}
{"id": 392, "label": "Positive"}
{"id": 393, "label": "Positive"}
{"id": 394, "label": "Negative"}
{"id": 395, "label": "Negative"}
{"id": 396, "label": "Negative"}
{"id": 397, "label": "Negative"}
{"id": 398, "label": "Negative"}
{"id": 399, "label": "Negative"}
{"id": 400, "label": "Positive"}
{"id": 401, "label": "Negative"}
{"id": 402, "label": "Negative"}
{"id": 403, "label": "Positive"}
{"id": 404, "label": "Negative"}
{"id": 405, "label": "Negative"}
{"id": 406, "label": "Negative"}
{"id": 407, "label": "Negative"}
{"id": 408, "label": "Positive"}
{"id": 409, "label": "Negative"}
{"id": 410, "label": "Negative"}
{"id": 411, "label": "Negative"}
{"id": 412, "label": "Positive"}
{"id": 413, "label": "Negative"}
{"id": 414, "label": "Negative"}
{"id": 415, "label": "Negative"}
{"id": 416, "label": "Negative"}
{"id": 417, "label": "Negative"}
{"id": 418, "label": "Positive"}
{"id": 419, "label": "Negative"}
{"id": 420, "label": "Negative"}
{"id": 421, "label": "Negative"}
{"id": 422, "label": "Positive"}
{"id": 423, "label": "Positive"}
{"id": 424, "label": "Negative"}
{"id": 425, "label": "Positive"}
{"id": 426, "label": "Negative"}
{"id": 427, "label": "Negative"}
{"id": 428, "label": "Negative"}
{"id": 429, "label": "Positive"}
{"id": 430, "label": "Negative"}
{"id": 431, "label": "Negative"}
{"id": 432, "label": "Positive"}
{"id": 433, "label": "Positive"}
{"id": 434, "label": "Negative"}
{"id": 435, "label": "Positive"}
{"id": 436, "label": "Negative"}
{"id": 437, "label": "Negative"}
{"id": 438, "label": "Negative"}
{"id": 439, "label": "Negative"}
{"id": 440, "label": "Negative"}
{"id": 441, "label": "Negative"}
{"id": 442, "label": "Positive"}
{"id": 443, "label": "Negative"}
{"id": 444, "label": "Positive"}
{"id": 445, "label": "Positive"}
{"id": 446, "label": "Positive"}
{"id": 447, "label": "Positive"}
{"id": 448, "label": "Negative"}
{"id": 449, "label": "Positive"}
{"id": 450, "label": "Negative"}
{"id": 451, "label": "Negative"}
{"id": 452, "label": "Negative"}
{"id": 453, "label": "Negative"}
{"id": 454, "label": "Positive"}
{"id": 455, "label": "Negative"}
{"id": 456, "label": "Positive"}
{"id": 457, "label": "Negative"}
{"id": 458, "label": "Negative"}
{"id": 459, "label": "Positive"}
{"id": 460, "label": "Negative"}
{"id": 461, "label": "Negative"}
{"id": 462, "label": "Positive"}
{"id": 463, "label": "Negative"}
{"id": 464, "label": "Negative"}
{"id": 465, "label": "Negative"}
{"id": 466, "label": "Negative"}
{"id": 467, "label": "Negative"}
{"id": 468, "label": "Negative"}
{"id": 469, "label": "Positive"}
{"id": 470, "label": "Negative"}
{"id": 471, "label": "Negative"}
{"id": 472, "label": "Negative"}
{"id": 473, "label": "Negative"}
{"id": 474, "label": "Positive"}
{"id": 475, "label": "Positive"}
{"id": 476, "label": "Negative"}
{"id": 477, "label": "Positive"}
{"id": 478, "label": "Negative"}
{"id": 479, "label": "Positive"}
{"id": 480, "label": "Negative"}
{"id": 481, "label": "Positive"}
{"id": 482, "label": "Positive"}
{"id": 483, "label": "Negative"}
{"id": 484, "label": "Negative"}
{"id": 485, "label": "Positive"}
{"id": 486, "label": "Positive"}
{"id": 487, "label": "Negative"}
{"id": 488, "label": "Negative"}
{"id": 489, "label": "Positive"}
{"id": 490, "label": "Negative"}
{"id": 491, "label": "Negative"}
{"id": 492, "label": "Negative"}
{"id": 493, "label": "Positive"}
{"id": 494, "label": "Positive"}
{"id": 495, "label": "Negative"}
{"id": 496, "label": "Positive"}
{"id": 497, "label": "Negative"}
{"id": 498, "label": "Positive"}
{"id": 499, "label": "Negative"}
{"id": 500, "label": "Positive"}
{"id": 501, "label": "Positive"}
{"id": 502, "label": "Positive"}
{"id": 503, "label": "Negative"}
{"id": 504, "label": "Negative"}
{"id": 505, "label": "Negative"}
{"id": 506, "label": "Positive"}
{"id": 507, "label": "Positive"}
{"id": 508, "label": "Negative"}
{"id": 509, "label": "Positive"}
{"id": 510, "label": "Positive"}
{"id": 511, "label": "Positive"}
{"id": 512, "label": "Negative"}
{"id": 513, "label": "Negative"}
{"id": 514, "label": "Positive"}
{"id": 515, "label": "Positive"}
{"id": 516, "label": "Positive"}
{"id": 517, "label": "Positive"}
{"id": 518, "label": "Positive"}
{"id": 519, "label": "Negative"}
{"id": 520, "label": "Negative"}
{"id": 521, "label": "Positive"}
{"id": 522, "label": "Positive"}
{"id": 523, "label": "Positive"}
{"id": 524, "label": "Positive"}
{"id": 525, "label": "Negative"}
{"id": 526, "label": "Positive"}
{"id": 527, "label": "Negative"}
{"id": 528, "label": "Positive"}
{"id": 529, "label": "Positive"}
{"id": 530, "label": "Negative"}
{"id": 531, "label": "Negative"}
{"id": 532, "label": "Negative"}
{"id": 533, "label": "Positive"}
{"id": 534, "label": "Positive"}
{"id": 535, "label": "Negative"}
{"id": 536, "label": "Negative"}
{"id": 537, "label": "Negative"}
{"id": 538, "label": "Negative"}
{"id": 539, "label": "Negative"}
{"id": 540, "label": "Negative"}
{"id": 541, "label": "Negative"}
{"id": 542, "label": "Negative"}
{"id": 543, "label": "Positive"}
{"id": 544, "label": "Positive"}
{"id": 545, "label": "Positive"}
{"id": 546, "label": "Negative"}
{"id": 547, "label": "Positive"}
{"id": 548, "label": "Positive"}
{"id": 549, "label": "Negative"}
{"id": 550, "label": "Positive"}
{"id": 551, "label": "Positive"}
{"id": 552, "label": "Negative"}
{"id": 553, "label": "Positive"}
{"id": 554, "label": "Negative"}
{"id": 555, "label": "Negative"}
{"id": 556, "label": "Negative"}
{"id": 557, "label": "Positive"}
{"id": 558, "label": "Negative"}
{"id": 559, "label": "Negative"}
{"id": 560, "label": "Negative"}
{"id": 561, "label": "Negative"}
{"id": 562, "label": "Negative"}
{"id": 563, "label": "Positive"}
{"id": 564, "label": "Negative"}
{"id": 565, "label": "Negative"}
{"id": 566, "label": "Positive"}
{"id": 567, "label": "Positive"}
{"id": 568, "label": "Positive"}
{"id": 569, "label": "Negative"}
{"id": 570, "label": "Positive"}
{"id": 571, "label": "Positive"}
{"id": 572, "label": "Negative"}
{"id": 573, "label": "Negative"}
{"id": 574, "label": "Positive"}
{"id": 575, "label": "Negative"}
{"id": 576, "label": "Positive"}
{"id": 577, "label": "Positive"}
{"id": 578, "label": "Negative"}
{"id": 579, "label": "Negative"}
{"id": 580, "label": "Negative"}
{"id": 581, "label": "Positive"}
{"id": 582, "label": "Negative"}
{"id": 583, "label": "Negative"}
{"id": 584, "label": "Negative"}
{"id": 585, "label": "Negative"}
{"id": 586, "label": "Negative"}
{"id": 587, "label": "Negative"}
{"id": 588, "label": "Positive"}
{"id": 589, "label": "Negative"}
{"id": 590, "label": "Negative"}
{"id": 591, "label": "Negative"}
{"id": 592, "label": "Positive"}
{"id": 593, "label": "Positive"}
{"id": 594, "label": "Negative"}
{"id": 595, "label": "Positive"}
{"id": 596, "label": "Negative"}
{"id": 597, "label": "Positive"}
{"id": 598, "label": "Positive"}
{"id": 599, "label": "Negative"}
{"id": 600, "label": "Negative"}
{"id": 601, "label": "Negative"}
{"id": 602, "label": "Positive"}
{"id": 603, "label": "Negative"}
{"id": 604, "label": "Positive"}
{"id": 605, "label": "Negative"}
{"id": 606, "label": "Negative"}
{"id": 607, "label": "Negative"}
{"id": 608, "label": "Positive"}
{"id": 609, "label": "Negative"}
{"id": 610, "label": "Positive"}
{"id": 611, "label": "Negative"}
{"id": 612, "label": "Negative"}
{"id": 613, "label": "Negative"}
{"id": 614, "label": "Negative"}
{"id": 615, "label": "Negative"}
{"id": 616, "label": "Negative"}
{"id": 617, "label": "Negative"}
{"id": 618, "label": "Negative"}
{"id": 619, "label": "Negative"}
{"id": 620, "label": "Positive"}
{"id": 621, "label": "Negative"}
{"id": 622, "label": "Negative"}
{"id": 623, "label": "Negative"}
{"id": 624, "label": "Positive"}
{"id": 625, "label": "Positive"}
{"id": 626, "label": "Negative"}
{"id": 627, "label": "Negative"}
{"id": 628, "label": "Negative"}
{"id": 629, "label": "Negative"}
{"id": 630, "label": "Positive"}
{"id": 631, "label": "Negative"}
{"id": 632, "label": "Negative"}
{"id": 633, "label": "Negative"}
{"id": 634, "label": "Positive"}
{"id": 635, "label": "Negative"}
{"id": 636, "label": "Negative"}
{"id": 637, "label": "Negative"}
{"id": 638, "label": "Negative"}
{"id": 639, "label": "Positive"}
{"id": 640, "label": "Positive"}
{"id": 641, "label": "Positive"}
{"id": 642, "label": "Positive"}
{"id": 643, "label": "Positive"}
{"id": 644, "label": "Positive"}
{"id": 645, "label": "Positive"}
{"id": 646, "label": "Positive"}
{"id": 647, "label": "Negative"}
{"id": 648, "label": "Negative"}
{"id": 649, "label": "Negative"}
{"id": 650, "label": "Negative"}
{"id": 651, "label": "Negative"}
{"id": 652, "label": "Negative"}
{"id": 653, "label": "Positive"}
{"id": 654, "label": "Positive"}
{"id": 655, "label": "Positive"}
{"id": 656, "label": "Negative"}
{"id": 657, "label": "Negative"}
{"id": 658, "label": "Positive"}
{"id": 659, "label": "Positive"}
{"id": 660, "label": "Negative"}
{"id": 661, "label": "Negative"}
{"id": 662, "label": "Positive"}
{"id": 663, "label": "Negative"}
{"id": 664, "label": "Positive"}
{"id": 665, "label": "Positive"}
{"id": 666, "label": "Positive"}
{"id": 667, "label": "Negative"}
{"id": 668, "label": "Positive"}
{"id": 669, "label": "Negative"}
{"id": 670, "label": "Positive"}
{"id": 671, "label": "Positive"}
{"id": 672, "label": "Negative"}
{"id": 673, "label": "Positive"}
{"id": 674, "label": "Negative"}
{"id": 675, "label": "Negative"}
{"id": 676, "label": "Negative"}
{"id": 677, "label": "Positive"}
{"id": 678, "label": "Negative"}
{"id": 679, "label": "Negative"}
{"id": 680, "label": "Positive"}
{"id": 681, "label": "Positive"}
{"id": 682, "label": "Negative"}
{"id": 683, "label": "Positive"}
{"id": 684, "label": "Positive"}
{"id": 685, "label": "Negative"}
{"id": 686, "label": "Positive"}
{"id": 687, "label": "Negative"}
{"id": 688, "label": "Positive"}
{"id": 689, "label": "Positive"}
{"id": 690, "label": "Negative"}
{"id": 691, "label": "Positive"}
{"id": 692, "label": "Negative"}
{"id": 693, "label": "Positive"}
{"id": 694, "label": "Positive"}
{"id": 695, "label": "Positive"}
{"id": 696, "label": "Negative"}
{"id": 697, "label": "Negative"}
{"id": 698, "label": "Negative"}
{"id": 699, "label": "Negative"}
{"id": 700, "label": "Negative"}
{"id": 701, "label": "Positive"}
{"id": 702, "label": "Positive"}
{"id": 703, "label": "Positive"}
{"id": 704, "label": "Positive"}
{"id": 705, "label": "Negative"}
{"id": 706, "label": "Negative"}
{"id": 707, "label": "Negative"}
{"id": 708, "label": "Negative"}
{"id": 709, "label": "Negative"}
{"id": 710, "label": "Negative"}
{"id": 711, "label": "Positive"}
{"id": 712, "label": "Negative"}
{"id": 713, "label": "Negative"}
{"id": 714, "label": "Negative"}
{"id": 715, "label": "Positive"}
{"id": 716, "label": "Positive"}
{"id": 717, "label": "Negative"}
{"id": 718, "label": "Positive"}
{"id": 719, "label": "Negative"}
{"id": 720, "label": "Negative"}
{"id": 721, "label": "Negative"}
{"id": 722, "label": "Negative"}
{"id": 723, "label": "Negative"}
{"id": 724, "label": "Negative"}
{"id": 725, "label": "Negative"}
{"id": 726, "label": "Negative"}
{"id": 727, "label": "Positive"}
{"id": 728, "label": "Negative"}
{"id": 729, "label": "Negative"}
{"id": 730, "label": "Positive"}
{"id": 731, "label": "Positive"}
{"id": 732, "label": "Negative"}
{"id": 733, "label": "Negative"}
{"id": 734, "label": "Negative"}
{"id": 735, "label": "Negative"}
{"id": 736, "label": "Negative"}
{"id": 737, "label": "Positive"}
{"id": 738, "label": "Negative"}
{"id": 739, "label": "Negative"}
{"id": 740, "label": "Positive"}
{"id": 741, "label": "Positive"}
{"id": 742, "label": "Positive"}
{"id": 743, "label": "Positive"}
{"id": 744, "label": "Positive"}
{"id": 745, "label": "Negative"}
{"id": 746, "label": "Positive"}
{"id": 747, "label": "Positive"}
{"id": 748, "label": "Negative"}
{"id": 749, "label": "Negative"}
{"id": 750, "label": "Negative"}
{"id": 751, "label": "Negative"}
{"id": 752, "label": "Negative"}
